Date,AXS-USD_ADJCLOSE,AXS-USD_CLOSE,AXS-USD_HIGH,AXS-USD_LOW,AXS-USD_OPEN,AXS-USD_VOLUME
2017-04-26,,,,,,
2017-04-27,,,,,,
2017-04-28,,,,,,
2017-04-29,,,,,,
2017-04-30,,,,,,
2017-05-01,,,,,,
2017-05-02,,,,,,
2017-05-03,,,,,,
2017-05-04,,,,,,
2017-05-05,,,,,,
2017-05-06,,,,,,
2017-05-07,,,,,,
2017-05-08,,,,,,
2017-05-09,,,,,,
2017-05-10,,,,,,
2017-05-11,,,,,,
2017-05-12,,,,,,
2017-05-13,,,,,,
2017-05-14,,,,,,
2017-05-15,,,,,,
2017-05-16,,,,,,
2017-05-17,,,,,,
2017-05-18,,,,,,
2017-05-19,,,,,,
2017-05-20,,,,,,
2017-05-21,,,,,,
2017-05-22,,,,,,
2017-05-23,,,,,,
2017-05-24,,,,,,
2017-05-25,,,,,,
2017-05-26,,,,,,
2017-05-27,,,,,,
2017-05-28,,,,,,
2017-05-29,,,,,,
2017-05-30,,,,,,
2017-05-31,,,,,,
2017-06-01,,,,,,
2017-06-02,,,,,,
2017-06-03,,,,,,
2017-06-04,,,,,,
2017-06-05,,,,,,
2017-06-06,,,,,,
2017-06-07,,,,,,
2017-06-08,,,,,,
2017-06-09,,,,,,
2017-06-10,,,,,,
2017-06-11,,,,,,
2017-06-12,,,,,,
2017-06-13,,,,,,
2017-06-14,,,,,,
2017-06-15,,,,,,
2017-06-16,,,,,,
2017-06-17,,,,,,
2017-06-18,,,,,,
2017-06-19,,,,,,
2017-06-20,,,,,,
2017-06-21,,,,,,
2017-06-22,,,,,,
2017-06-23,,,,,,
2017-06-24,,,,,,
2017-06-25,,,,,,
2017-06-26,,,,,,
2017-06-27,,,,,,
2017-06-28,,,,,,
2017-06-29,,,,,,
2017-06-30,,,,,,
2017-07-01,,,,,,
2017-07-02,,,,,,
2017-07-03,,,,,,
2017-07-04,,,,,,
2017-07-05,,,,,,
2017-07-06,,,,,,
2017-07-07,,,,,,
2017-07-08,,,,,,
2017-07-09,,,,,,
2017-07-10,,,,,,
2017-07-11,,,,,,
2017-07-12,,,,,,
2017-07-13,,,,,,
2017-07-14,,,,,,
2017-07-15,,,,,,
2017-07-16,,,,,,
2017-07-17,,,,,,
2017-07-18,,,,,,
2017-07-19,,,,,,
2017-07-20,,,,,,
2017-07-21,,,,,,
2017-07-22,,,,,,
2017-07-23,,,,,,
2017-07-24,,,,,,
2017-07-25,,,,,,
2017-07-26,,,,,,
2017-07-27,,,,,,
2017-07-28,,,,,,
2017-07-29,,,,,,
2017-07-30,,,,,,
2017-07-31,,,,,,
2017-08-01,,,,,,
2017-08-02,,,,,,
2017-08-03,,,,,,
2017-08-04,,,,,,
2017-08-05,,,,,,
2017-08-06,,,,,,
2017-08-07,,,,,,
2017-08-08,,,,,,
2017-08-09,,,,,,
2017-08-10,,,,,,
2017-08-11,,,,,,
2017-08-12,,,,,,
2017-08-13,,,,,,
2017-08-14,,,,,,
2017-08-15,,,,,,
2017-08-16,,,,,,
2017-08-17,,,,,,
2017-08-18,,,,,,
2017-08-19,,,,,,
2017-08-20,,,,,,
2017-08-21,,,,,,
2017-08-22,,,,,,
2017-08-23,,,,,,
2017-08-24,,,,,,
2017-08-25,,,,,,
2017-08-26,,,,,,
2017-08-27,,,,,,
2017-08-28,,,,,,
2017-08-29,,,,,,
2017-08-30,,,,,,
2017-08-31,,,,,,
2017-09-01,,,,,,
2017-09-02,,,,,,
2017-09-03,,,,,,
2017-09-04,,,,,,
2017-09-05,,,,,,
2017-09-06,,,,,,
2017-09-07,,,,,,
2017-09-08,,,,,,
2017-09-09,,,,,,
2017-09-10,,,,,,
2017-09-11,,,,,,
2017-09-12,,,,,,
2017-09-13,,,,,,
2017-09-14,,,,,,
2017-09-15,,,,,,
2017-09-16,,,,,,
2017-09-17,,,,,,
2017-09-18,,,,,,
2017-09-19,,,,,,
2017-09-20,,,,,,
2017-09-21,,,,,,
2017-09-22,,,,,,
2017-09-23,,,,,,
2017-09-24,,,,,,
2017-09-25,,,,,,
2017-09-26,,,,,,
2017-09-27,,,,,,
2017-09-28,,,,,,
2017-09-29,,,,,,
2017-09-30,,,,,,
2017-10-01,,,,,,
2017-10-02,,,,,,
2017-10-03,,,,,,
2017-10-04,,,,,,
2017-10-05,,,,,,
2017-10-06,,,,,,
2017-10-07,,,,,,
2017-10-08,,,,,,
2017-10-09,,,,,,
2017-10-10,,,,,,
2017-10-11,,,,,,
2017-10-12,,,,,,
2017-10-13,,,,,,
2017-10-14,,,,,,
2017-10-15,,,,,,
2017-10-16,,,,,,
2017-10-17,,,,,,
2017-10-18,,,,,,
2017-10-19,,,,,,
2017-10-20,,,,,,
2017-10-21,,,,,,
2017-10-22,,,,,,
2017-10-23,,,,,,
2017-10-24,,,,,,
2017-10-25,,,,,,
2017-10-26,,,,,,
2017-10-27,,,,,,
2017-10-28,,,,,,
2017-10-29,,,,,,
2017-10-30,,,,,,
2017-10-31,,,,,,
2017-11-01,,,,,,
2017-11-02,,,,,,
2017-11-03,,,,,,
2017-11-04,,,,,,
2017-11-05,,,,,,
2017-11-06,,,,,,
2017-11-07,,,,,,
2017-11-08,,,,,,
2017-11-09,,,,,,
2017-11-10,,,,,,
2017-11-11,,,,,,
2017-11-12,,,,,,
2017-11-13,,,,,,
2017-11-14,,,,,,
2017-11-15,,,,,,
2017-11-16,,,,,,
2017-11-17,,,,,,
2017-11-18,,,,,,
2017-11-19,,,,,,
2017-11-20,,,,,,
2017-11-21,,,,,,
2017-11-22,,,,,,
2017-11-23,,,,,,
2017-11-24,,,,,,
2017-11-25,,,,,,
2017-11-26,,,,,,
2017-11-27,,,,,,
2017-11-28,,,,,,
2017-11-29,,,,,,
2017-11-30,,,,,,
2017-12-01,,,,,,
2017-12-02,,,,,,
2017-12-03,,,,,,
2017-12-04,,,,,,
2017-12-05,,,,,,
2017-12-06,,,,,,
2017-12-07,,,,,,
2017-12-08,,,,,,
2017-12-09,,,,,,
2017-12-10,,,,,,
2017-12-11,,,,,,
2017-12-12,,,,,,
2017-12-13,,,,,,
2017-12-14,,,,,,
2017-12-15,,,,,,
2017-12-16,,,,,,
2017-12-17,,,,,,
2017-12-18,,,,,,
2017-12-19,,,,,,
2017-12-20,,,,,,
2017-12-21,,,,,,
2017-12-22,,,,,,
2017-12-23,,,,,,
2017-12-24,,,,,,
2017-12-25,,,,,,
2017-12-26,,,,,,
2017-12-27,,,,,,
2017-12-28,,,,,,
2017-12-29,,,,,,
2017-12-30,,,,,,
2017-12-31,,,,,,
2018-01-01,,,,,,
2018-01-02,,,,,,
2018-01-03,,,,,,
2018-01-04,,,,,,
2018-01-05,,,,,,
2018-01-06,,,,,,
2018-01-07,,,,,,
2018-01-08,,,,,,
2018-01-09,,,,,,
2018-01-10,,,,,,
2018-01-11,,,,,,
2018-01-12,,,,,,
2018-01-13,,,,,,
2018-01-14,,,,,,
2018-01-15,,,,,,
2018-01-16,,,,,,
2018-01-17,,,,,,
2018-01-18,,,,,,
2018-01-19,,,,,,
2018-01-20,,,,,,
2018-01-21,,,,,,
2018-01-22,,,,,,
2018-01-23,,,,,,
2018-01-24,,,,,,
2018-01-25,,,,,,
2018-01-26,,,,,,
2018-01-27,,,,,,
2018-01-28,,,,,,
2018-01-29,,,,,,
2018-01-30,,,,,,
2018-01-31,,,,,,
2018-02-01,,,,,,
2018-02-02,,,,,,
2018-02-03,,,,,,
2018-02-04,,,,,,
2018-02-05,,,,,,
2018-02-06,,,,,,
2018-02-07,,,,,,
2018-02-08,,,,,,
2018-02-09,,,,,,
2018-02-10,,,,,,
2018-02-11,,,,,,
2018-02-12,,,,,,
2018-02-13,,,,,,
2018-02-14,,,,,,
2018-02-15,,,,,,
2018-02-16,,,,,,
2018-02-17,,,,,,
2018-02-18,,,,,,
2018-02-19,,,,,,
2018-02-20,,,,,,
2018-02-21,,,,,,
2018-02-22,,,,,,
2018-02-23,,,,,,
2018-02-24,,,,,,
2018-02-25,,,,,,
2018-02-26,,,,,,
2018-02-27,,,,,,
2018-02-28,,,,,,
2018-03-01,,,,,,
2018-03-02,,,,,,
2018-03-03,,,,,,
2018-03-04,,,,,,
2018-03-05,,,,,,
2018-03-06,,,,,,
2018-03-07,,,,,,
2018-03-08,,,,,,
2018-03-09,,,,,,
2018-03-10,,,,,,
2018-03-11,,,,,,
2018-03-12,,,,,,
2018-03-13,,,,,,
2018-03-14,,,,,,
2018-03-15,,,,,,
2018-03-16,,,,,,
2018-03-17,,,,,,
2018-03-18,,,,,,
2018-03-19,,,,,,
2018-03-20,,,,,,
2018-03-21,,,,,,
2018-03-22,,,,,,
2018-03-23,,,,,,
2018-03-24,,,,,,
2018-03-25,,,,,,
2018-03-26,,,,,,
2018-03-27,,,,,,
2018-03-28,,,,,,
2018-03-29,,,,,,
2018-03-30,,,,,,
2018-03-31,,,,,,
2018-04-01,,,,,,
2018-04-02,,,,,,
2018-04-03,,,,,,
2018-04-04,,,,,,
2018-04-05,,,,,,
2018-04-06,,,,,,
2018-04-07,,,,,,
2018-04-08,,,,,,
2018-04-09,,,,,,
2018-04-10,,,,,,
2018-04-11,,,,,,
2018-04-12,,,,,,
2018-04-13,,,,,,
2018-04-14,,,,,,
2018-04-15,,,,,,
2018-04-16,,,,,,
2018-04-17,,,,,,
2018-04-18,,,,,,
2018-04-19,,,,,,
2018-04-20,,,,,,
2018-04-21,,,,,,
2018-04-22,,,,,,
2018-04-23,,,,,,
2018-04-24,,,,,,
2018-04-25,,,,,,
2018-04-26,,,,,,
2018-04-27,,,,,,
2018-04-28,,,,,,
2018-04-29,,,,,,
2018-04-30,,,,,,
2018-05-01,,,,,,
2018-05-02,,,,,,
2018-05-03,,,,,,
2018-05-04,,,,,,
2018-05-05,,,,,,
2018-05-06,,,,,,
2018-05-07,,,,,,
2018-05-08,,,,,,
2018-05-09,,,,,,
2018-05-10,,,,,,
2018-05-11,,,,,,
2018-05-12,,,,,,
2018-05-13,,,,,,
2018-05-14,,,,,,
2018-05-15,,,,,,
2018-05-16,,,,,,
2018-05-17,,,,,,
2018-05-18,,,,,,
2018-05-19,,,,,,
2018-05-20,,,,,,
2018-05-21,,,,,,
2018-05-22,,,,,,
2018-05-23,,,,,,
2018-05-24,,,,,,
2018-05-25,,,,,,
2018-05-26,,,,,,
2018-05-27,,,,,,
2018-05-28,,,,,,
2018-05-29,,,,,,
2018-05-30,,,,,,
2018-05-31,,,,,,
2018-06-01,,,,,,
2018-06-02,,,,,,
2018-06-03,,,,,,
2018-06-04,,,,,,
2018-06-05,,,,,,
2018-06-06,,,,,,
2018-06-07,,,,,,
2018-06-08,,,,,,
2018-06-09,,,,,,
2018-06-10,,,,,,
2018-06-11,,,,,,
2018-06-12,,,,,,
2018-06-13,,,,,,
2018-06-14,,,,,,
2018-06-15,,,,,,
2018-06-16,,,,,,
2018-06-17,,,,,,
2018-06-18,,,,,,
2018-06-19,,,,,,
2018-06-20,,,,,,
2018-06-21,,,,,,
2018-06-22,,,,,,
2018-06-23,,,,,,
2018-06-24,,,,,,
2018-06-25,,,,,,
2018-06-26,,,,,,
2018-06-27,,,,,,
2018-06-28,,,,,,
2018-06-29,,,,,,
2018-06-30,,,,,,
2018-07-01,,,,,,
2018-07-02,,,,,,
2018-07-03,,,,,,
2018-07-04,,,,,,
2018-07-05,,,,,,
2018-07-06,,,,,,
2018-07-07,,,,,,
2018-07-08,,,,,,
2018-07-09,,,,,,
2018-07-10,,,,,,
2018-07-11,,,,,,
2018-07-12,,,,,,
2018-07-13,,,,,,
2018-07-14,,,,,,
2018-07-15,,,,,,
2018-07-16,,,,,,
2018-07-17,,,,,,
2018-07-18,,,,,,
2018-07-19,,,,,,
2018-07-20,,,,,,
2018-07-21,,,,,,
2018-07-22,,,,,,
2018-07-23,,,,,,
2018-07-24,,,,,,
2018-07-25,,,,,,
2018-07-26,,,,,,
2018-07-27,,,,,,
2018-07-28,,,,,,
2018-07-29,,,,,,
2018-07-30,,,,,,
2018-07-31,,,,,,
2018-08-01,,,,,,
2018-08-02,,,,,,
2018-08-03,,,,,,
2018-08-04,,,,,,
2018-08-05,,,,,,
2018-08-06,,,,,,
2018-08-07,,,,,,
2018-08-08,,,,,,
2018-08-09,,,,,,
2018-08-10,,,,,,
2018-08-11,,,,,,
2018-08-12,,,,,,
2018-08-13,,,,,,
2018-08-14,,,,,,
2018-08-15,,,,,,
2018-08-16,,,,,,
2018-08-17,,,,,,
2018-08-18,,,,,,
2018-08-19,,,,,,
2018-08-20,,,,,,
2018-08-21,,,,,,
2018-08-22,,,,,,
2018-08-23,,,,,,
2018-08-24,,,,,,
2018-08-25,,,,,,
2018-08-26,,,,,,
2018-08-27,,,,,,
2018-08-28,,,,,,
2018-08-29,,,,,,
2018-08-30,,,,,,
2018-08-31,,,,,,
2018-09-01,,,,,,
2018-09-02,,,,,,
2018-09-03,,,,,,
2018-09-04,,,,,,
2018-09-05,,,,,,
2018-09-06,,,,,,
2018-09-07,,,,,,
2018-09-08,,,,,,
2018-09-09,,,,,,
2018-09-10,,,,,,
2018-09-11,,,,,,
2018-09-12,,,,,,
2018-09-13,,,,,,
2018-09-14,,,,,,
2018-09-15,,,,,,
2018-09-16,,,,,,
2018-09-17,,,,,,
2018-09-18,,,,,,
2018-09-19,,,,,,
2018-09-20,,,,,,
2018-09-21,,,,,,
2018-09-22,,,,,,
2018-09-23,,,,,,
2018-09-24,,,,,,
2018-09-25,,,,,,
2018-09-26,,,,,,
2018-09-27,,,,,,
2018-09-28,,,,,,
2018-09-29,,,,,,
2018-09-30,,,,,,
2018-10-01,,,,,,
2018-10-02,,,,,,
2018-10-03,,,,,,
2018-10-04,,,,,,
2018-10-05,,,,,,
2018-10-06,,,,,,
2018-10-07,,,,,,
2018-10-08,,,,,,
2018-10-09,,,,,,
2018-10-10,,,,,,
2018-10-11,,,,,,
2018-10-12,,,,,,
2018-10-13,,,,,,
2018-10-14,,,,,,
2018-10-15,,,,,,
2018-10-16,,,,,,
2018-10-17,,,,,,
2018-10-18,,,,,,
2018-10-19,,,,,,
2018-10-20,,,,,,
2018-10-21,,,,,,
2018-10-22,,,,,,
2018-10-23,,,,,,
2018-10-24,,,,,,
2018-10-25,,,,,,
2018-10-26,,,,,,
2018-10-27,,,,,,
2018-10-28,,,,,,
2018-10-29,,,,,,
2018-10-30,,,,,,
2018-10-31,,,,,,
2018-11-01,,,,,,
2018-11-02,,,,,,
2018-11-03,,,,,,
2018-11-04,,,,,,
2018-11-05,,,,,,
2018-11-06,,,,,,
2018-11-07,,,,,,
2018-11-08,,,,,,
2018-11-09,,,,,,
2018-11-10,,,,,,
2018-11-11,,,,,,
2018-11-12,,,,,,
2018-11-13,,,,,,
2018-11-14,,,,,,
2018-11-15,,,,,,
2018-11-16,,,,,,
2018-11-17,,,,,,
2018-11-18,,,,,,
2018-11-19,,,,,,
2018-11-20,,,,,,
2018-11-21,,,,,,
2018-11-22,,,,,,
2018-11-23,,,,,,
2018-11-24,,,,,,
2018-11-25,,,,,,
2018-11-26,,,,,,
2018-11-27,,,,,,
2018-11-28,,,,,,
2018-11-29,,,,,,
2018-11-30,,,,,,
2018-12-01,,,,,,
2018-12-02,,,,,,
2018-12-03,,,,,,
2018-12-04,,,,,,
2018-12-05,,,,,,
2018-12-06,,,,,,
2018-12-07,,,,,,
2018-12-08,,,,,,
2018-12-09,,,,,,
2018-12-10,,,,,,
2018-12-11,,,,,,
2018-12-12,,,,,,
2018-12-13,,,,,,
2018-12-14,,,,,,
2018-12-15,,,,,,
2018-12-16,,,,,,
2018-12-17,,,,,,
2018-12-18,,,,,,
2018-12-19,,,,,,
2018-12-20,,,,,,
2018-12-21,,,,,,
2018-12-22,,,,,,
2018-12-23,,,,,,
2018-12-24,,,,,,
2018-12-25,,,,,,
2018-12-26,,,,,,
2018-12-27,,,,,,
2018-12-28,,,,,,
2018-12-29,,,,,,
2018-12-30,,,,,,
2018-12-31,,,,,,
2019-01-01,,,,,,
2019-01-02,,,,,,
2019-01-03,,,,,,
2019-01-04,,,,,,
2019-01-05,,,,,,
2019-01-06,,,,,,
2019-01-07,,,,,,
2019-01-08,,,,,,
2019-01-09,,,,,,
2019-01-10,,,,,,
2019-01-11,,,,,,
2019-01-12,,,,,,
2019-01-13,,,,,,
2019-01-14,,,,,,
2019-01-15,,,,,,
2019-01-16,,,,,,
2019-01-17,,,,,,
2019-01-18,,,,,,
2019-01-19,,,,,,
2019-01-20,,,,,,
2019-01-21,,,,,,
2019-01-22,,,,,,
2019-01-23,,,,,,
2019-01-24,,,,,,
2019-01-25,,,,,,
2019-01-26,,,,,,
2019-01-27,,,,,,
2019-01-28,,,,,,
2019-01-29,,,,,,
2019-01-30,,,,,,
2019-01-31,,,,,,
2019-02-01,,,,,,
2019-02-02,,,,,,
2019-02-03,,,,,,
2019-02-04,,,,,,
2019-02-05,,,,,,
2019-02-06,,,,,,
2019-02-07,,,,,,
2019-02-08,,,,,,
2019-02-09,,,,,,
2019-02-10,,,,,,
2019-02-11,,,,,,
2019-02-12,,,,,,
2019-02-13,,,,,,
2019-02-14,,,,,,
2019-02-15,,,,,,
2019-02-16,,,,,,
2019-02-17,,,,,,
2019-02-18,,,,,,
2019-02-19,,,,,,
2019-02-20,,,,,,
2019-02-21,,,,,,
2019-02-22,,,,,,
2019-02-23,,,,,,
2019-02-24,,,,,,
2019-02-25,,,,,,
2019-02-26,,,,,,
2019-02-27,,,,,,
2019-02-28,,,,,,
2019-03-01,,,,,,
2019-03-02,,,,,,
2019-03-03,,,,,,
2019-03-04,,,,,,
2019-03-05,,,,,,
2019-03-06,,,,,,
2019-03-07,,,,,,
2019-03-08,,,,,,
2019-03-09,,,,,,
2019-03-10,,,,,,
2019-03-11,,,,,,
2019-03-12,,,,,,
2019-03-13,,,,,,
2019-03-14,,,,,,
2019-03-15,,,,,,
2019-03-16,,,,,,
2019-03-17,,,,,,
2019-03-18,,,,,,
2019-03-19,,,,,,
2019-03-20,,,,,,
2019-03-21,,,,,,
2019-03-22,,,,,,
2019-03-23,,,,,,
2019-03-24,,,,,,
2019-03-25,,,,,,
2019-03-26,,,,,,
2019-03-27,,,,,,
2019-03-28,,,,,,
2019-03-29,,,,,,
2019-03-30,,,,,,
2019-03-31,,,,,,
2019-04-01,,,,,,
2019-04-02,,,,,,
2019-04-03,,,,,,
2019-04-04,,,,,,
2019-04-05,,,,,,
2019-04-06,,,,,,
2019-04-07,,,,,,
2019-04-08,,,,,,
2019-04-09,,,,,,
2019-04-10,,,,,,
2019-04-11,,,,,,
2019-04-12,,,,,,
2019-04-13,,,,,,
2019-04-14,,,,,,
2019-04-15,,,,,,
2019-04-16,,,,,,
2019-04-17,,,,,,
2019-04-18,,,,,,
2019-04-19,,,,,,
2019-04-20,,,,,,
2019-04-21,,,,,,
2019-04-22,,,,,,
2019-04-23,,,,,,
2019-04-24,,,,,,
2019-04-25,,,,,,
2019-04-26,,,,,,
2019-04-27,,,,,,
2019-04-28,,,,,,
2019-04-29,,,,,,
2019-04-30,,,,,,
2019-05-01,,,,,,
2019-05-02,,,,,,
2019-05-03,,,,,,
2019-05-04,,,,,,
2019-05-05,,,,,,
2019-05-06,,,,,,
2019-05-07,,,,,,
2019-05-08,,,,,,
2019-05-09,,,,,,
2019-05-10,,,,,,
2019-05-11,,,,,,
2019-05-12,,,,,,
2019-05-13,,,,,,
2019-05-14,,,,,,
2019-05-15,,,,,,
2019-05-16,,,,,,
2019-05-17,,,,,,
2019-05-18,,,,,,
2019-05-19,,,,,,
2019-05-20,,,,,,
2019-05-21,,,,,,
2019-05-22,,,,,,
2019-05-23,,,,,,
2019-05-24,,,,,,
2019-05-25,,,,,,
2019-05-26,,,,,,
2019-05-27,,,,,,
2019-05-28,,,,,,
2019-05-29,,,,,,
2019-05-30,,,,,,
2019-05-31,,,,,,
2019-06-01,,,,,,
2019-06-02,,,,,,
2019-06-03,,,,,,
2019-06-04,,,,,,
2019-06-05,,,,,,
2019-06-06,,,,,,
2019-06-07,,,,,,
2019-06-08,,,,,,
2019-06-09,,,,,,
2019-06-10,,,,,,
2019-06-11,,,,,,
2019-06-12,,,,,,
2019-06-13,,,,,,
2019-06-14,,,,,,
2019-06-15,,,,,,
2019-06-16,,,,,,
2019-06-17,,,,,,
2019-06-18,,,,,,
2019-06-19,,,,,,
2019-06-20,,,,,,
2019-06-21,,,,,,
2019-06-22,,,,,,
2019-06-23,,,,,,
2019-06-24,,,,,,
2019-06-25,,,,,,
2019-06-26,,,,,,
2019-06-27,,,,,,
2019-06-28,,,,,,
2019-06-29,,,,,,
2019-06-30,,,,,,
2019-07-01,,,,,,
2019-07-02,,,,,,
2019-07-03,,,,,,
2019-07-04,,,,,,
2019-07-05,,,,,,
2019-07-06,,,,,,
2019-07-07,,,,,,
2019-07-08,,,,,,
2019-07-09,,,,,,
2019-07-10,,,,,,
2019-07-11,,,,,,
2019-07-12,,,,,,
2019-07-13,,,,,,
2019-07-14,,,,,,
2019-07-15,,,,,,
2019-07-16,,,,,,
2019-07-17,,,,,,
2019-07-18,,,,,,
2019-07-19,,,,,,
2019-07-20,,,,,,
2019-07-21,,,,,,
2019-07-22,,,,,,
2019-07-23,,,,,,
2019-07-24,,,,,,
2019-07-25,,,,,,
2019-07-26,,,,,,
2019-07-27,,,,,,
2019-07-28,,,,,,
2019-07-29,,,,,,
2019-07-30,,,,,,
2019-07-31,,,,,,
2019-08-01,,,,,,
2019-08-02,,,,,,
2019-08-03,,,,,,
2019-08-04,,,,,,
2019-08-05,,,,,,
2019-08-06,,,,,,
2019-08-07,,,,,,
2019-08-08,,,,,,
2019-08-09,,,,,,
2019-08-10,,,,,,
2019-08-11,,,,,,
2019-08-12,,,,,,
2019-08-13,,,,,,
2019-08-14,,,,,,
2019-08-15,,,,,,
2019-08-16,,,,,,
2019-08-17,,,,,,
2019-08-18,,,,,,
2019-08-19,,,,,,
2019-08-20,,,,,,
2019-08-21,,,,,,
2019-08-22,,,,,,
2019-08-23,,,,,,
2019-08-24,,,,,,
2019-08-25,,,,,,
2019-08-26,,,,,,
2019-08-27,,,,,,
2019-08-28,,,,,,
2019-08-29,,,,,,
2019-08-30,,,,,,
2019-08-31,,,,,,
2019-09-01,,,,,,
2019-09-02,,,,,,
2019-09-03,,,,,,
2019-09-04,,,,,,
2019-09-05,,,,,,
2019-09-06,,,,,,
2019-09-07,,,,,,
2019-09-08,,,,,,
2019-09-09,,,,,,
2019-09-10,,,,,,
2019-09-11,,,,,,
2019-09-12,,,,,,
2019-09-13,,,,,,
2019-09-14,,,,,,
2019-09-15,,,,,,
2019-09-16,,,,,,
2019-09-17,,,,,,
2019-09-18,,,,,,
2019-09-19,,,,,,
2019-09-20,,,,,,
2019-09-21,,,,,,
2019-09-22,,,,,,
2019-09-23,,,,,,
2019-09-24,,,,,,
2019-09-25,,,,,,
2019-09-26,,,,,,
2019-09-27,,,,,,
2019-09-28,,,,,,
2019-09-29,,,,,,
2019-09-30,,,,,,
2019-10-01,,,,,,
2019-10-02,,,,,,
2019-10-03,,,,,,
2019-10-04,,,,,,
2019-10-05,,,,,,
2019-10-06,,,,,,
2019-10-07,,,,,,
2019-10-08,,,,,,
2019-10-09,,,,,,
2019-10-10,,,,,,
2019-10-11,,,,,,
2019-10-12,,,,,,
2019-10-13,,,,,,
2019-10-14,,,,,,
2019-10-15,,,,,,
2019-10-16,,,,,,
2019-10-17,,,,,,
2019-10-18,,,,,,
2019-10-19,,,,,,
2019-10-20,,,,,,
2019-10-21,,,,,,
2019-10-22,,,,,,
2019-10-23,,,,,,
2019-10-24,,,,,,
2019-10-25,,,,,,
2019-10-26,,,,,,
2019-10-27,,,,,,
2019-10-28,,,,,,
2019-10-29,,,,,,
2019-10-30,,,,,,
2019-10-31,,,,,,
2019-11-01,,,,,,
2019-11-02,,,,,,
2019-11-03,,,,,,
2019-11-04,,,,,,
2019-11-05,,,,,,
2019-11-06,,,,,,
2019-11-07,,,,,,
2019-11-08,,,,,,
2019-11-09,,,,,,
2019-11-10,,,,,,
2019-11-11,,,,,,
2019-11-12,,,,,,
2019-11-13,,,,,,
2019-11-14,,,,,,
2019-11-15,,,,,,
2019-11-16,,,,,,
2019-11-17,,,,,,
2019-11-18,,,,,,
2019-11-19,,,,,,
2019-11-20,,,,,,
2019-11-21,,,,,,
2019-11-22,,,,,,
2019-11-23,,,,,,
2019-11-24,,,,,,
2019-11-25,,,,,,
2019-11-26,,,,,,
2019-11-27,,,,,,
2019-11-28,,,,,,
2019-11-29,,,,,,
2019-11-30,,,,,,
2019-12-01,,,,,,
2019-12-02,,,,,,
2019-12-03,,,,,,
2019-12-04,,,,,,
2019-12-05,,,,,,
2019-12-06,,,,,,
2019-12-07,,,,,,
2019-12-08,,,,,,
2019-12-09,,,,,,
2019-12-10,,,,,,
2019-12-11,,,,,,
2019-12-12,,,,,,
2019-12-13,,,,,,
2019-12-14,,,,,,
2019-12-15,,,,,,
2019-12-16,,,,,,
2019-12-17,,,,,,
2019-12-18,,,,,,
2019-12-19,,,,,,
2019-12-20,,,,,,
2019-12-21,,,,,,
2019-12-22,,,,,,
2019-12-23,,,,,,
2019-12-24,,,,,,
2019-12-25,,,,,,
2019-12-26,,,,,,
2019-12-27,,,,,,
2019-12-28,,,,,,
2019-12-29,,,,,,
2019-12-30,,,,,,
2019-12-31,,,,,,
2020-01-01,,,,,,
2020-01-02,,,,,,
2020-01-03,,,,,,
2020-01-04,,,,,,
2020-01-05,,,,,,
2020-01-06,,,,,,
2020-01-07,,,,,,
2020-01-08,,,,,,
2020-01-09,,,,,,
2020-01-10,,,,,,
2020-01-11,,,,,,
2020-01-12,,,,,,
2020-01-13,,,,,,
2020-01-14,,,,,,
2020-01-15,,,,,,
2020-01-16,,,,,,
2020-01-17,,,,,,
2020-01-18,,,,,,
2020-01-19,,,,,,
2020-01-20,,,,,,
2020-01-21,,,,,,
2020-01-22,,,,,,
2020-01-23,,,,,,
2020-01-24,,,,,,
2020-01-25,,,,,,
2020-01-26,,,,,,
2020-01-27,,,,,,
2020-01-28,,,,,,
2020-01-29,,,,,,
2020-01-30,,,,,,
2020-01-31,,,,,,
2020-02-01,,,,,,
2020-02-02,,,,,,
2020-02-03,,,,,,
2020-02-04,,,,,,
2020-02-05,,,,,,
2020-02-06,,,,,,
2020-02-07,,,,,,
2020-02-08,,,,,,
2020-02-09,,,,,,
2020-02-10,,,,,,
2020-02-11,,,,,,
2020-02-12,,,,,,
2020-02-13,,,,,,
2020-02-14,,,,,,
2020-02-15,,,,,,
2020-02-16,,,,,,
2020-02-17,,,,,,
2020-02-18,,,,,,
2020-02-19,,,,,,
2020-02-20,,,,,,
2020-02-21,,,,,,
2020-02-22,,,,,,
2020-02-23,,,,,,
2020-02-24,,,,,,
2020-02-25,,,,,,
2020-02-26,,,,,,
2020-02-27,,,,,,
2020-02-28,,,,,,
2020-02-29,,,,,,
2020-03-01,,,,,,
2020-03-02,,,,,,
2020-03-03,,,,,,
2020-03-04,,,,,,
2020-03-05,,,,,,
2020-03-06,,,,,,
2020-03-07,,,,,,
2020-03-08,,,,,,
2020-03-09,,,,,,
2020-03-10,,,,,,
2020-03-11,,,,,,
2020-03-12,,,,,,
2020-03-13,,,,,,
2020-03-14,,,,,,
2020-03-15,,,,,,
2020-03-16,,,,,,
2020-03-17,,,,,,
2020-03-18,,,,,,
2020-03-19,,,,,,
2020-03-20,,,,,,
2020-03-21,,,,,,
2020-03-22,,,,,,
2020-03-23,,,,,,
2020-03-24,,,,,,
2020-03-25,,,,,,
2020-03-26,,,,,,
2020-03-27,,,,,,
2020-03-28,,,,,,
2020-03-29,,,,,,
2020-03-30,,,,,,
2020-03-31,,,,,,
2020-04-01,,,,,,
2020-04-02,,,,,,
2020-04-03,,,,,,
2020-04-04,,,,,,
2020-04-05,,,,,,
2020-04-06,,,,,,
2020-04-07,,,,,,
2020-04-08,,,,,,
2020-04-09,,,,,,
2020-04-10,,,,,,
2020-04-11,,,,,,
2020-04-12,,,,,,
2020-04-13,,,,,,
2020-04-14,,,,,,
2020-04-15,,,,,,
2020-04-16,,,,,,
2020-04-17,,,,,,
2020-04-18,,,,,,
2020-04-19,,,,,,
2020-04-20,,,,,,
2020-04-21,,,,,,
2020-04-22,,,,,,
2020-04-23,,,,,,
2020-04-24,,,,,,
2020-04-25,,,,,,
2020-04-26,,,,,,
2020-04-27,,,,,,
2020-04-28,,,,,,
2020-04-29,,,,,,
2020-04-30,,,,,,
2020-05-01,,,,,,
2020-05-02,,,,,,
2020-05-03,,,,,,
2020-05-04,,,,,,
2020-05-05,,,,,,
2020-05-06,,,,,,
2020-05-07,,,,,,
2020-05-08,,,,,,
2020-05-09,,,,,,
2020-05-10,,,,,,
2020-05-11,,,,,,
2020-05-12,,,,,,
2020-05-13,,,,,,
2020-05-14,,,,,,
2020-05-15,,,,,,
2020-05-16,,,,,,
2020-05-17,,,,,,
2020-05-18,,,,,,
2020-05-19,,,,,,
2020-05-20,,,,,,
2020-05-21,,,,,,
2020-05-22,,,,,,
2020-05-23,,,,,,
2020-05-24,,,,,,
2020-05-25,,,,,,
2020-05-26,,,,,,
2020-05-27,,,,,,
2020-05-28,,,,,,
2020-05-29,,,,,,
2020-05-30,,,,,,
2020-05-31,,,,,,
2020-06-01,,,,,,
2020-06-02,,,,,,
2020-06-03,,,,,,
2020-06-04,,,,,,
2020-06-05,,,,,,
2020-06-06,,,,,,
2020-06-07,,,,,,
2020-06-08,,,,,,
2020-06-09,,,,,,
2020-06-10,,,,,,
2020-06-11,,,,,,
2020-06-12,,,,,,
2020-06-13,,,,,,
2020-06-14,,,,,,
2020-06-15,,,,,,
2020-06-16,,,,,,
2020-06-17,,,,,,
2020-06-18,,,,,,
2020-06-19,,,,,,
2020-06-20,,,,,,
2020-06-21,,,,,,
2020-06-22,,,,,,
2020-06-23,,,,,,
2020-06-24,,,,,,
2020-06-25,,,,,,
2020-06-26,,,,,,
2020-06-27,,,,,,
2020-06-28,,,,,,
2020-06-29,,,,,,
2020-06-30,,,,,,
2020-07-01,,,,,,
2020-07-02,,,,,,
2020-07-03,,,,,,
2020-07-04,,,,,,
2020-07-05,,,,,,
2020-07-06,,,,,,
2020-07-07,,,,,,
2020-07-08,,,,,,
2020-07-09,,,,,,
2020-07-10,,,,,,
2020-07-11,,,,,,
2020-07-12,,,,,,
2020-07-13,,,,,,
2020-07-14,,,,,,
2020-07-15,,,,,,
2020-07-16,,,,,,
2020-07-17,,,,,,
2020-07-18,,,,,,
2020-07-19,,,,,,
2020-07-20,,,,,,
2020-07-21,,,,,,
2020-07-22,,,,,,
2020-07-23,,,,,,
2020-07-24,,,,,,
2020-07-25,,,,,,
2020-07-26,,,,,,
2020-07-27,,,,,,
2020-07-28,,,,,,
2020-07-29,,,,,,
2020-07-30,,,,,,
2020-07-31,,,,,,
2020-08-01,,,,,,
2020-08-02,,,,,,
2020-08-03,,,,,,
2020-08-04,,,,,,
2020-08-05,,,,,,
2020-08-06,,,,,,
2020-08-07,,,,,,
2020-08-08,,,,,,
2020-08-09,,,,,,
2020-08-10,,,,,,
2020-08-11,,,,,,
2020-08-12,,,,,,
2020-08-13,,,,,,
2020-08-14,,,,,,
2020-08-15,,,,,,
2020-08-16,,,,,,
2020-08-17,,,,,,
2020-08-18,,,,,,
2020-08-19,,,,,,
2020-08-20,,,,,,
2020-08-21,,,,,,
2020-08-22,,,,,,
2020-08-23,,,,,,
2020-08-24,,,,,,
2020-08-25,,,,,,
2020-08-26,,,,,,
2020-08-27,,,,,,
2020-08-28,,,,,,
2020-08-29,,,,,,
2020-08-30,,,,,,
2020-08-31,,,,,,
2020-09-01,,,,,,
2020-09-02,,,,,,
2020-09-03,,,,,,
2020-09-04,,,,,,
2020-09-05,,,,,,
2020-09-06,,,,,,
2020-09-07,,,,,,
2020-09-08,,,,,,
2020-09-09,,,,,,
2020-09-10,,,,,,
2020-09-11,,,,,,
2020-09-12,,,,,,
2020-09-13,,,,,,
2020-09-14,,,,,,
2020-09-15,,,,,,
2020-09-16,,,,,,
2020-09-17,,,,,,
2020-09-18,,,,,,
2020-09-19,,,,,,
2020-09-20,,,,,,
2020-09-21,,,,,,
2020-09-22,,,,,,
2020-09-23,,,,,,
2020-09-24,,,,,,
2020-09-25,,,,,,
2020-09-26,,,,,,
2020-09-27,,,,,,
2020-09-28,,,,,,
2020-09-29,,,,,,
2020-09-30,,,,,,
2020-10-01,,,,,,
2020-10-02,,,,,,
2020-10-03,,,,,,
2020-10-04,,,,,,
2020-10-05,,,,,,
2020-10-06,,,,,,
2020-10-07,,,,,,
2020-10-08,,,,,,
2020-10-09,,,,,,
2020-10-10,,,,,,
2020-10-11,,,,,,
2020-10-12,,,,,,
2020-10-13,,,,,,
2020-10-14,,,,,,
2020-10-15,,,,,,
2020-10-16,,,,,,
2020-10-17,,,,,,
2020-10-18,,,,,,
2020-10-19,,,,,,
2020-10-20,,,,,,
2020-10-21,,,,,,
2020-10-22,,,,,,
2020-10-23,,,,,,
2020-10-24,,,,,,
2020-10-25,,,,,,
2020-10-26,,,,,,
2020-10-27,,,,,,
2020-10-28,,,,,,
2020-10-29,,,,,,
2020-10-30,,,,,,
2020-10-31,,,,,,
2020-11-01,,,,,,
2020-11-02,,,,,,
2020-11-03,,,,,,
2020-11-04,0.1459490060806274,0.1459490060806274,0.1911209970712661,0.1418090015649795,0.1798010021448135,16344570.0
2020-11-05,0.1351040005683899,0.1351040005683899,0.1505649983882904,0.126469001173973,0.1459510028362274,4948417.0
2020-11-06,0.1431639939546585,0.1431639939546585,0.1495469957590103,0.123430997133255,0.1351040005683899,3148629.0
2020-11-07,0.1410560011863708,0.1410560011863708,0.1684699952602386,0.134454995393753,0.1431889981031417,1987416.0
2020-11-08,0.1982509940862655,0.1982509940862655,0.2394549995660781,0.1394010037183761,0.1410209983587265,9484360.0
2020-11-09,0.2785080075263977,0.2785080075263977,0.3201119899749756,0.1982250064611435,0.1982250064611435,14267713.0
2020-11-10,0.2666240036487579,0.2666240036487579,0.3687149882316589,0.2507190108299255,0.2784880101680755,8172919.0
2020-11-11,0.3530620038509369,0.3530620038509369,0.4370250105857849,0.2647770047187805,0.2666189968585968,14179229.0
2020-11-12,0.30935800075531,0.30935800075531,0.3877969980239868,0.3054699897766113,0.3530499935150146,5191068.0
2020-11-13,0.402658998966217,0.402658998966217,0.4244039952754974,0.30935999751091,0.30935999751091,6851883.0
2020-11-14,0.5762060284614563,0.5762060284614563,0.5947870016098022,0.3726719915866852,0.4026960134506225,24645913.0
2020-11-15,0.591579020023346,0.591579020023346,0.685500979423523,0.5102559924125671,0.5761319994926453,25609472.0
2020-11-16,0.5731160044670105,0.5731160044670105,0.674239993095398,0.5388380289077759,0.591513991355896,15932409.0
2020-11-17,0.502668023109436,0.502668023109436,0.601265013217926,0.4537389874458313,0.5378749966621399,13641306.0
2020-11-18,0.5190730094909668,0.5190730094909668,0.5680199861526489,0.4383319914340973,0.5026739835739136,12647029.0
2020-11-19,0.4373359978199005,0.4373359978199005,0.5581859946250916,0.437144011259079,0.5190879702568054,9175634.0
2020-11-20,0.4955410063266754,0.4955410063266754,0.5443680286407471,0.4336670041084289,0.4373329877853393,14471904.0
2020-11-21,0.4677410125732422,0.4677410125732422,0.5359330177307129,0.4583919942378998,0.4955349862575531,8400326.0
2020-11-22,0.427962988615036,0.427962988615036,0.4718680083751678,0.4051409959793091,0.4677430093288421,8774026.0
2020-11-23,0.5108559727668762,0.5108559727668762,0.5447880029678345,0.4145089983940124,0.4278639853000641,13307375.0
2020-11-24,0.4691329896450043,0.4691329896450043,0.5207639932632446,0.4367960095405578,0.5105080008506775,579626.0
2020-11-25,0.4161190092563629,0.4161190092563629,0.4865230023860931,0.3943719863891601,0.4691689908504486,5813013.0
2020-11-26,0.3692870140075683,0.3692870140075683,0.4201070070266723,0.3191080093383789,0.4157890081405639,6280435.0
2020-11-27,0.3776269853115082,0.3776269853115082,0.3824400007724762,0.3368920087814331,0.3688060045242309,4639204.0
2020-11-28,0.4286369979381561,0.4286369979381561,0.4432390034198761,0.3714340031147003,0.3776290118694305,7816212.0
2020-11-29,0.4761239886283874,0.4761239886283874,0.4929710030555725,0.4130949974060058,0.4287770092487335,8059133.0
2020-11-30,0.456400990486145,0.456400990486145,0.4878340065479278,0.4339219927787781,0.4766649901866913,8295685.0
2020-12-01,0.4113540053367615,0.4113540053367615,0.46356400847435,0.4072409868240356,0.4562349915504455,5323517.0
2020-12-02,0.4981099963188171,0.4981099963188171,0.5125889778137207,0.4049040079116821,0.4113659858703613,11414172.0
2020-12-03,0.5124040246009827,0.5124040246009827,0.5325909852981567,0.4881600141525268,0.4979189932346344,7468014.0
2020-12-04,0.4323079884052276,0.4323079884052276,0.5137500166893005,0.426023006439209,0.5118629932403564,5781841.0
2020-12-05,0.4756940007209778,0.4756940007209778,0.4838429987430572,0.4245859980583191,0.4316160082817077,5037519.0
2020-12-06,0.4793919920921325,0.4793919920921325,0.4820669889450073,0.4430620074272156,0.4757219851016998,4472510.0
2020-12-07,0.5631589889526367,0.5631589889526367,0.5747259855270386,0.468436986207962,0.4788419902324676,12668046.0
2020-12-08,0.5699729919433594,0.5699729919433594,0.6383839845657349,0.5272719860076904,0.5626369714736938,21443069.0
2020-12-09,0.6283940076828003,0.6283940076828003,0.6749939918518066,0.558830976486206,0.5709279775619507,17429921.0
2020-12-10,0.5643979907035828,0.5643979907035828,0.6367089748382568,0.5569390058517456,0.6290429830551147,8065085.0
2020-12-11,0.5513290166854858,0.5513290166854858,0.5774289965629578,0.5000870227813721,0.5643690228462219,7991105.0
2020-12-12,0.5760970115661621,0.5760970115661621,0.6218029856681824,0.5512509942054749,0.5514799952507019,6963430.0
2020-12-13,0.6114439964294434,0.6114439964294434,0.6170439720153809,0.5662530064582825,0.5772640109062195,6632681.0
2020-12-14,0.6389219760894775,0.6389219760894775,0.6657750010490417,0.5806800127029419,0.611877977848053,10156872.0
2020-12-15,0.7306029796600342,0.7306029796600342,0.7424499988555908,0.6105309724807739,0.6379420161247253,10788659.0
2020-12-16,0.7435920238494873,0.7435920238494873,0.7981169819831848,0.6942239999771118,0.7293450236320496,18889339.0
2020-12-17,0.7127370238304138,0.7127370238304138,0.7681059837341309,0.6876810193061829,0.7456520199775696,13978295.0
2020-12-18,0.8236410021781921,0.8236410021781921,0.8422600030899048,0.6878380179405212,0.7115690112113953,15508317.0
2020-12-19,0.7544270157814026,0.7544270157814026,0.8499720096588135,0.7505040168762207,0.8253920078277588,10372523.0
2020-12-20,0.6870800256729126,0.6870800256729126,0.7864099740982056,0.6671320199966431,0.7570760250091553,7876772.0
2020-12-21,0.6444399952888489,0.6444399952888489,0.7130990028381348,0.6061660051345825,0.6874960064888,6884907.0
2020-12-22,0.6565470099449158,0.6565470099449158,0.6598700284957886,0.5886560082435608,0.6430299878120422,6080070.0
2020-12-23,0.5294979810714722,0.5294979810714722,0.6572420001029968,0.4656060039997101,0.6565120220184326,8271198.0
2020-12-24,0.6342759728431702,0.6342759728431702,0.6413319706916809,0.4815340042114258,0.5346230268478394,10103222.0
2020-12-25,0.600259006023407,0.600259006023407,0.6593409776687622,0.5780199766159058,0.6372950077056885,6486958.0
2020-12-26,0.5780709981918335,0.5780709981918335,0.616129994392395,0.5400919914245605,0.6004719734191895,5526690.0
2020-12-27,0.6004149913787842,0.6004149913787842,0.6206719875335693,0.5229520201683044,0.5786060094833374,6737717.0
2020-12-28,0.5977169871330261,0.5977169871330261,0.6557689905166626,0.5916010141372681,0.6004959940910339,5507129.0
2020-12-29,0.5607590079307556,0.5607590079307556,0.6070259809494019,0.5301529765129089,0.5977090001106262,4326259.0
2020-12-30,0.5332030057907104,0.5332030057907104,0.5846949815750122,0.5319070219993591,0.5602710247039795,4076298.0
2020-12-31,0.538320004940033,0.538320004940033,0.5390490293502808,0.5004730224609375,0.5332180261611938,4118458.0
2021-01-01,0.5926390290260315,0.5926390290260315,0.6209329962730408,0.5149880051612854,0.5384389758110046,7427284.0
2021-01-02,0.5413209795951843,0.5413209795951843,0.6199809908866882,0.5321329832077026,0.5930759906768799,8697336.0
2021-01-03,0.5681880116462708,0.5681880116462708,0.5753880143165588,0.5229719877243042,0.5413910150527954,6473190.0
2021-01-04,0.5602149963378906,0.5602149963378906,0.6157659888267517,0.5182049870491028,0.5662059783935547,6735382.0
2021-01-05,0.557578980922699,0.557578980922699,0.5876129865646362,0.5220950245857239,0.5595930218696594,5470508.0
2021-01-06,0.5989019870758057,0.5989019870758057,0.6290199756622314,0.5371289849281311,0.5570260286331177,8111880.0
2021-01-07,0.6062750220298767,0.6062750220298767,0.7167490124702454,0.5945079922676086,0.6006240248680115,13050516.0
2021-01-08,0.5928620100021362,0.5928620100021362,0.6403629779815674,0.5408679842948914,0.604682981967926,8001181.0
2021-01-09,0.6045029759407043,0.6045029759407043,0.6362670063972473,0.5611569881439209,0.5932809710502625,6356061.0
2021-01-10,0.5751479864120483,0.5751479864120483,0.657463014125824,0.5343130230903625,0.6044660210609436,6518361.0
2021-01-11,0.4995949864387512,0.4995949864387512,0.5751280188560486,0.4185959994792938,0.5751280188560486,5753199.0
2021-01-12,0.4495440125465393,0.4495440125465393,0.514303982257843,0.449423998594284,0.4985060095787048,3754767.0
2021-01-13,0.502240002155304,0.502240002155304,0.5061920285224915,0.4387489855289459,0.4499189853668213,4543442.0
2021-01-14,0.5317149758338928,0.5317149758338928,0.543274998664856,0.482244998216629,0.5025020241737366,4958224.0
2021-01-15,0.5418750047683716,0.5418750047683716,0.5708600282669067,0.4964759945869446,0.5325409770011902,6577402.0
2021-01-16,0.5838750004768372,0.5838750004768372,0.6252560019493103,0.5416550040245056,0.5426750183105469,7194995.0
2021-01-17,0.6138920187950134,0.6138920187950134,0.6435250043869019,0.5647850036621094,0.5839790105819702,7015968.0
2021-01-18,0.6813759803771973,0.6813759803771973,0.6813759803771973,0.5896300077438354,0.6132670044898987,10136020.0
2021-01-19,0.6343870162963867,0.6343870162963867,0.70585697889328,0.6257500052452087,0.6817939877510071,7153742.0
2021-01-20,0.6323230266571045,0.6323230266571045,0.656440019607544,0.5827599763870239,0.6335060000419617,5527658.0
2021-01-21,0.6448230147361755,0.6448230147361755,0.721651017665863,0.5996699929237366,0.633758008480072,14347527.0
2021-01-22,0.6362640261650085,0.6362640261650085,0.6648579835891724,0.5433290004730225,0.6440610289573669,9634726.0
2021-01-23,0.6955969929695129,0.6955969929695129,0.734574019908905,0.6074910163879395,0.6362019777297974,10690056.0
2021-01-24,0.737089991569519,0.737089991569519,0.805184006690979,0.6850669980049133,0.6962550282478333,11154912.0
2021-01-25,0.8415150046348572,0.8415150046348572,0.8666980266571045,0.7232440114021301,0.7361429929733276,11708098.0
2021-01-26,0.946457028388977,0.946457028388977,0.9916319847106934,0.8236299753189087,0.8379780054092407,21704678.0
2021-01-27,0.8813250064849854,0.8813250064849854,1.148723006248474,0.8665810227394104,0.948337972164154,17806252.0
2021-01-28,0.817421019077301,0.817421019077301,0.9337390065193176,0.8168579936027527,0.8815310001373291,13441054.0
2021-01-29,0.8144199848175049,0.8144199848175049,0.8290089964866638,0.7535830140113831,0.7927560210227966,13800684.0
2021-01-30,0.8420090079307556,0.8420090079307556,0.87739497423172,0.7647510170936584,0.8147760033607483,9761760.0
2021-01-31,0.805305004119873,0.805305004119873,0.8747619986534119,0.7693269848823547,0.841812014579773,7045470.0
2021-02-01,1.0076889991760254,1.0076889991760254,1.023784041404724,0.7739409804344177,0.8060780167579651,18311155.0
2021-02-02,0.9634640216827391,0.9634640216827391,1.0188490152359009,0.9155589938163756,1.006898045539856,9576264.0
2021-02-03,1.0187770128250122,1.0187770128250122,1.0526820421218872,0.9496510028839112,0.9601500034332277,8703562.0
2021-02-04,0.957531988620758,0.957531988620758,1.020046949386597,0.8962690234184265,1.0189249515533447,9367983.0
2021-02-05,1.0767940282821655,1.0767940282821655,1.1563169956207275,0.9570930004119872,0.9570930004119872,15064773.0
2021-02-06,0.9576669931411744,0.9576669931411744,1.083135962486267,0.9173570275306702,1.0786830186843872,11475217.0
2021-02-07,1.0040839910507202,1.0040839910507202,1.0474660396575928,0.9083499908447266,0.9583719968795776,11586260.0
2021-02-08,1.3693469762802124,1.3693469762802124,1.4296059608459473,0.9768900275230408,1.002774000167847,28123777.0
2021-02-09,1.2879459857940674,1.2879459857940674,1.3679909706115725,1.2295219898223877,1.3644319772720337,20662183.0
2021-02-10,1.365447998046875,1.365447998046875,1.4861940145492554,1.2277330160140991,1.2866250276565552,20700237.0
2021-02-11,1.4929970502853394,1.4929970502853394,1.5853209495544434,1.350527048110962,1.3714170455932615,14796256.0
2021-02-12,1.8011269569396973,1.8011269569396973,1.82840096950531,1.4033819437026978,1.495479941368103,24428360.0
2021-02-13,1.97196900844574,1.97196900844574,2.068613052368164,1.589128017425537,1.8009179830551147,28273039.0
2021-02-14,2.1588521003723145,2.1588521003723145,2.30538010597229,1.827054977416992,1.9724299907684328,27701104.0
2021-02-15,2.0516610145568848,2.0516610145568848,2.3329429626464844,1.7136420011520386,2.1547889709472656,32787833.0
2021-02-16,1.965662956237793,1.965662956237793,2.208885908126831,1.918988943099976,2.0469141006469727,18900710.0
2021-02-17,1.8891860246658323,1.8891860246658323,1.9946459531784055,1.783519983291626,1.9670690298080444,18217270.0
2021-02-18,2.13986611366272,2.13986611366272,2.1925480365753174,1.888865947723389,1.888865947723389,18407265.0
2021-02-19,1.975469946861267,1.975469946861267,2.178636074066162,1.9392969608306885,2.1379170417785645,16549899.0
2021-02-20,1.7875109910964966,1.7875109910964966,2.1390469074249268,1.677603006362915,1.9766809940338133,19001753.0
2021-02-21,1.8352680206298828,1.8352680206298828,1.985780954360962,1.7330939769744873,1.78520405292511,15975170.0
2021-02-22,1.6568210124969482,1.6568210124969482,1.875404953956604,1.3272579908370972,1.8353999853134155,28412887.0
2021-02-23,1.3228839635849,1.3228839635849,1.663869023323059,1.1101280450820925,1.6577379703521729,4463128.0
2021-02-24,1.3649200201034546,1.3649200201034546,1.5416220426559448,1.2864079475402832,1.323045015335083,7424922.0
2021-02-25,1.4214210510253906,1.4214210510253906,1.60801100730896,1.3325610160827637,1.362488031387329,12312718.0
2021-02-26,1.4898760318756104,1.4898760318756104,1.5945320129394531,1.286102056503296,1.4260059595108032,12241074.0
2021-02-27,1.5820759534835815,1.5820759534835815,1.7354559898376465,1.4910420179367063,1.4935519695281982,13315343.0
2021-02-28,1.3958200216293335,1.3958200216293335,1.5839359760284424,1.3171099424362185,1.5839359760284424,9629112.0
2021-03-01,1.642428994178772,1.642428994178772,1.642508029937744,1.3971199989318848,1.3990600109100342,13711583.0
2021-03-02,1.6806260347366333,1.6806260347366333,1.8364720344543457,1.6078569889068604,1.6487809419631958,15932451.0
2021-03-03,2.2038559913635254,2.2038559913635254,2.2247800827026367,1.6593070030212402,1.6799479722976685,25372377.0
2021-03-04,2.8340189456939697,2.8340189456939697,3.05718994140625,2.153801918029785,2.196712017059326,98609422.0
2021-03-05,2.4276199340820312,2.4276199340820312,2.8291709423065186,2.376477003097534,2.8291709423065186,33620827.0
2021-03-06,2.5427041053771973,2.5427041053771973,2.617731094360352,2.369211912155152,2.41995906829834,23425464.0
2021-03-07,2.6961491107940674,2.6961491107940674,2.7775509357452397,2.532773971557617,2.5436809062957764,24141791.0
2021-03-08,3.665715932846069,3.665715932846069,3.681623935699463,2.697829008102417,2.6987459659576416,62129605.0
2021-03-09,3.4298970699310303,3.4298970699310303,4.006426811218262,3.3226449489593506,3.675020933151245,53849977.0
2021-03-10,3.870028972625733,3.870028972625733,4.35224199295044,3.189805030822754,3.4288110733032227,62943667.0
2021-03-11,4.641759872436523,4.641759872436523,4.7940850257873535,3.649714946746826,3.8550009727478023,69434992.0
2021-03-12,4.998370170593262,4.998370170593262,5.644362926483154,4.572544097900391,4.624632835388184,101138381.0
2021-03-13,5.174907207489014,5.174907207489014,5.358553886413574,4.704885005950928,5.004724025726318,76714979.0
2021-03-14,5.853369235992432,5.853369235992432,6.298452854156494,4.768249988555908,5.162940979003906,96265891.0
2021-03-15,5.592817783355713,5.592817783355713,6.442766189575195,5.392518043518066,5.849763870239258,74070127.0
2021-03-16,5.4779157638549805,5.4779157638549805,5.986700057983398,5.19574785232544,5.596649169921875,60017094.0
2021-03-17,4.956564903259277,4.956564903259277,5.507540225982666,4.829380989074707,5.4824090003967285,40822891.0
2021-03-18,5.059086799621582,5.059086799621582,5.381165981292725,4.773253917694092,4.956818103790283,47013997.0
2021-03-19,5.032355785369873,5.032355785369873,5.424027919769287,4.834482192993164,5.044881820678711,31532252.0
2021-03-20,4.530479907989502,4.530479907989502,5.113758087158203,4.530479907989502,5.0454301834106445,23960080.0
2021-03-21,4.620509147644043,4.620509147644043,4.709824085235596,4.356635093688965,4.539474964141846,26799349.0
2021-03-22,4.016028881072998,4.016028881072998,4.684375762939453,4.008238792419434,4.618500232696533,19322785.0
2021-03-23,3.859321117401123,3.859321117401123,4.268505096435547,3.7621469497680655,4.009209156036377,20567499.0
2021-03-24,3.791970014572144,3.791970014572144,4.363738059997559,3.669636011123657,3.855423927307129,30466503.0
2021-03-25,3.5613200664520264,3.5613200664520264,3.8009870052337646,3.3864200115203857,3.7830679416656494,18689542.0
2021-03-26,4.536732196807861,4.536732196807861,4.581100940704346,3.5607540607452397,3.5607540607452397,37012971.0
2021-03-27,4.364932060241699,4.364932060241699,4.942849159240723,4.327486038208008,4.528359889984131,30704779.0
2021-03-28,4.902440071105957,4.902440071105957,5.173210144042969,4.320635795593262,4.364930152893066,43526513.0
2021-03-29,5.645048141479492,5.645048141479492,5.717402935028076,4.667405128479004,4.912577152252197,41864755.0
2021-03-30,6.284135818481445,6.284135818481445,7.687792778015137,5.565031051635742,5.646918773651123,273330964.0
2021-03-31,5.697309970855713,5.697309970855713,6.40666389465332,5.679448127746582,6.332815170288086,72791656.0
2021-04-01,5.555142879486084,5.555142879486084,5.82074785232544,5.332624912261963,5.693356990814209,49928722.0
2021-04-02,5.675601005554199,5.675601005554199,5.965122222900391,5.344083786010742,5.552532196044922,45234533.0
2021-04-03,5.102569103240967,5.102569103240967,5.782394886016846,5.059739112854004,5.680521965026856,25941250.0
2021-04-04,5.907862186431885,5.907862186431885,6.466095924377441,5.062786102294922,5.097598075866699,70011287.0
2021-04-05,9.256800651550291,9.256800651550291,11.119546890258787,5.670838832855225,5.903933048248291,615724647.0
2021-04-06,7.775959014892578,7.775959014892578,9.336275100708008,7.474198818206787,9.336275100708008,198024948.0
2021-04-07,7.376083850860596,7.376083850860596,8.092232704162598,6.589982986450195,7.765559196472168,133073739.0
2021-04-08,7.757730007171631,7.757730007171631,7.929760932922363,7.31469202041626,7.374141216278076,69974522.0
2021-04-09,7.975791931152344,7.975791931152344,8.865013122558594,7.687079906463623,7.755805969238281,116955292.0
2021-04-10,7.572542190551758,7.572542190551758,8.01543140411377,7.275829792022705,7.955779075622559,60380257.0
2021-04-11,7.234373092651367,7.234373092651367,7.631221771240234,7.030309200286865,7.5747809410095215,43929315.0
2021-04-12,7.652966022491455,7.652966022491455,8.830220222473145,7.196585178375244,7.233715057373047,162037625.0
2021-04-13,8.018774032592773,8.018774032592773,8.862577438354492,7.63456916809082,7.63456916809082,77538968.0
2021-04-14,7.690556049346924,7.690556049346924,8.047321319580078,7.170118808746338,8.018499374389648,56052673.0
2021-04-15,8.027117729187012,8.027117729187012,8.106090545654297,7.516819000244141,7.712950229644775,41080548.0
2021-04-16,7.448084831237793,7.448084831237793,8.020076751708984,7.133201122283936,8.005476951599121,62254081.0
2021-04-17,7.817193984985352,7.817193984985352,8.056821823120117,7.368367195129394,7.43758487701416,58044269.0
2021-04-18,6.6506028175354,6.6506028175354,7.838038921356201,5.840591907501221,7.781484127044678,60844287.0
2021-04-19,8.10607624053955,8.10607624053955,9.31874656677246,6.460062980651856,6.669857978820801,267892408.0
2021-04-20,8.564796447753906,8.564796447753906,11.520862579345703,7.969421863555908,8.034029960632324,536173402.0
2021-04-21,8.168737411499023,8.168737411499023,9.252565383911133,8.005064010620117,8.598881721496582,148495022.0
2021-04-22,8.089658737182617,8.089658737182617,10.242470741271973,8.082823753356934,8.164277076721191,166516481.0
2021-04-23,7.466897010803223,7.466897010803223,8.267313003540039,6.093649864196777,8.094696044921875,120189377.0
2021-04-24,6.620237827301025,6.620237827301025,7.477427005767822,6.478238105773926,7.454822063446045,43652770.0
2021-04-25,6.555576801300049,6.555576801300049,7.157063961029053,6.080599784851074,6.5956549644470215,38084385.0
2021-04-26,7.581934928894043,7.581934928894043,7.647483825683594,6.4258527755737305,6.577847003936768,48448409.0
2021-04-27,8.583322525024414,8.583322525024414,9.103700637817385,7.461956977844238,7.573428153991699,85031380.0
2021-04-28,10.84913730621338,10.84913730621338,10.849312782287598,8.254605293273926,8.60842514038086,181231473.0
2021-04-29,10.100260734558104,10.100260734558104,10.955473899841309,9.40227222442627,10.723746299743652,84336668.0
2021-04-30,10.184638023376465,10.184638023376465,10.279739379882812,9.45816421508789,10.135302543640137,52297377.0
2021-05-01,9.753251075744627,9.753251075744627,10.280101776123049,9.495817184448242,10.216286659240724,38949174.0
2021-05-02,9.34555435180664,9.34555435180664,9.748719215393066,8.924959182739258,9.748719215393066,38542215.0
2021-05-03,9.23537826538086,9.23537826538086,9.581948280334473,9.09706211090088,9.32012939453125,45349393.0
2021-05-04,8.101094245910645,8.101094245910645,9.66208839416504,8.067459106445312,9.225361824035645,75354307.0
2021-05-05,8.640727996826172,8.640727996826172,8.778726577758789,7.979010105133057,8.074745178222656,48857493.0
2021-05-06,7.88505220413208,7.88505220413208,8.650115966796875,7.71418285369873,8.650115966796875,40004658.0
2021-05-07,8.3989839553833,8.3989839553833,9.007742881774902,7.425260066986084,7.891060829162598,65212803.0
2021-05-08,8.253210067749023,8.253210067749023,8.922497749328613,8.19360637664795,8.391111373901367,58489905.0
2021-05-09,8.0718412399292,8.0718412399292,8.378704071044922,7.7134599685668945,8.247214317321777,28313936.0
2021-05-10,7.1954522132873535,7.1954522132873535,8.268303871154785,6.891712188720703,8.075553894042969,47206642.0
2021-05-11,8.09128189086914,8.09128189086914,8.406722068786621,6.990056991577148,7.180751800537109,45621875.0
2021-05-12,6.757991790771484,6.757991790771484,9.199983596801758,6.757991790771484,8.090514183044434,65821436.0
2021-05-13,6.956785202026367,6.956785202026367,7.621767997741699,6.296555042266846,6.787413120269775,63122893.0
2021-05-14,7.072000980377197,7.072000980377197,7.488741874694824,6.870275020599365,6.9731268882751465,29935553.0
2021-05-15,6.550277233123779,6.550277233123779,7.164896965026856,6.49213981628418,7.072061061859131,27063816.0
2021-05-16,6.498117923736572,6.498117923736572,7.17409086227417,6.080032825469971,6.542038917541504,28954432.0
2021-05-17,6.541065216064453,6.541065216064453,6.947988033294678,5.916847229003906,6.500802993774414,45974793.0
2021-05-18,6.608284950256348,6.608284950256348,7.08346700668335,6.403800010681152,6.525123119354248,34362750.0
2021-05-19,4.011073112487793,4.011073112487793,6.720973968505859,2.965190887451172,6.608585834503174,45808622.0
2021-05-20,4.741680145263672,4.741680145263672,4.9436869621276855,3.5543580055236816,3.9693989753723145,33335763.0
2021-05-21,4.344563007354736,4.344563007354736,5.349507808685303,3.669419050216675,4.705972194671631,43893463.0
2021-05-22,3.927648067474365,3.927648067474365,4.37005615234375,3.7185370922088623,4.349254131317139,20790314.0
2021-05-23,3.383929967880249,3.383929967880249,4.067320823669434,2.744196891784668,3.9409780502319336,29183188.0
2021-05-24,4.180714130401611,4.180714130401611,4.271213054656982,3.366261959075928,3.3708980083465576,39628137.0
2021-05-25,4.114726066589356,4.114726066589356,4.367134094238281,3.717888116836548,4.181647777557373,25107506.0
2021-05-26,4.8770751953125,4.8770751953125,4.88165283203125,4.00954008102417,4.140324115753174,36477473.0
2021-05-27,4.785937786102295,4.785937786102295,4.915501117706299,4.319632053375244,4.915501117706299,29485674.0
2021-05-28,4.195503234863281,4.195503234863281,5.031313896179199,4.039079189300537,4.801974773406982,27635693.0
2021-05-29,4.76028299331665,4.76028299331665,5.968100070953369,4.18953800201416,4.195022106170654,107419512.0
2021-05-30,4.534470081329346,4.534470081329346,4.827610015869141,4.145954132080078,4.754456996917725,67429449.0
2021-05-31,4.95019006729126,4.95019006729126,5.2979888916015625,4.489768028259277,4.534440040588379,75229656.0
2021-06-01,4.692162036895752,4.692162036895752,4.963939189910889,4.56652307510376,4.943849086761475,31022662.0
2021-06-02,4.711291790008545,4.711291790008545,4.761905193328857,4.4856390953063965,4.6939568519592285,20857056.0
2021-06-03,4.785208225250244,4.785208225250244,4.821864128112793,4.587759971618652,4.7047529220581055,18135480.0
2021-06-04,4.352865219116211,4.352865219116211,4.868167877197266,4.142145156860352,4.793525218963623,20468497.0
2021-06-05,4.203474044799805,4.203474044799805,4.503503799438477,4.078534126281738,4.355548858642578,14354372.0
2021-06-06,4.3817667961120605,4.3817667961120605,4.406209945678711,4.162479877471924,4.200403213500977,12287971.0
2021-06-07,4.035947799682617,4.035947799682617,4.524509906768799,4.001612186431885,4.373330116271973,17011174.0
2021-06-08,3.866422891616821,3.866422891616821,4.135581016540527,3.422102928161621,4.038494110107422,19815746.0
2021-06-09,4.018318176269531,4.018318176269531,4.06744909286499,3.55378794670105,3.866365909576416,19428732.0
2021-06-10,3.942096948623657,3.942096948623657,4.161487102508545,3.7758359909057617,4.0150251388549805,21813690.0
2021-06-11,4.275052070617676,4.275052070617676,5.082508087158203,3.930893898010254,3.951971054077149,91838819.0
2021-06-12,3.785738945007324,3.785738945007324,4.306803226470947,3.738149881362915,4.306803226470947,25428106.0
2021-06-13,3.991236925125122,3.991236925125122,4.021452903747559,3.649566888809204,3.778877973556519,16858262.0
2021-06-14,3.9905190467834473,3.9905190467834473,4.26046895980835,3.848967075347901,3.985090970993042,17106230.0
2021-06-15,4.138228893280029,4.138228893280029,4.517507076263428,4.049081802368164,4.159836769104004,20200086.0
2021-06-16,4.199130058288574,4.199130058288574,4.861945152282715,4.155660152435303,4.485850811004639,31623222.0
2021-06-17,4.618661880493164,4.618661880493164,4.705104827880859,4.165177822113037,4.19352388381958,22029813.0
2021-06-18,4.382942199707031,4.382942199707031,4.992364883422852,4.225170135498047,4.695855140686035,37976713.0
2021-06-19,4.222149848937988,4.222149848937988,4.531160831451416,4.2000041007995605,4.390874862670898,14273603.0
2021-06-20,4.212076187133789,4.212076187133789,4.277399063110352,3.81517505645752,4.215033054351807,18674047.0
2021-06-21,3.200690984725952,3.200690984725952,4.220139026641846,3.193866014480591,4.210100173950195,20068612.0
2021-06-22,3.1863040924072266,3.1863040924072266,3.630321979522705,2.866692066192627,3.210616111755371,28682345.0
2021-06-23,3.702486038208008,3.702486038208008,3.775391101837158,3.0971200466156006,3.186645030975342,22723858.0
2021-06-24,3.808919906616211,3.808919906616211,3.8517000675201416,3.4971489906311035,3.711366891860962,16177919.0
2021-06-25,3.429461002349853,3.429461002349853,3.8992550373077393,3.388499975204468,3.8024649620056152,15791456.0
2021-06-26,3.601304054260254,3.601304054260254,3.613107919692993,3.2557389736175537,3.4237589836120605,15308979.0
2021-06-27,3.721235036849976,3.721235036849976,3.744714975357056,3.476603984832764,3.608464002609253,14392463.0
2021-06-28,3.970212936401367,3.970212936401367,4.052815914154053,3.6663119792938232,3.727930068969727,15808706.0
2021-06-29,4.592488765716553,4.592488765716553,4.828105926513672,3.968653917312622,3.969759941101074,28561152.0
2021-06-30,5.681056022644043,5.681056022644043,5.8502302169799805,4.449761867523193,4.611039161682129,86746637.0
2021-07-01,5.756593227386475,5.756593227386475,5.986364841461182,5.197018146514893,5.678959846496582,43386014.0
2021-07-02,6.104061126708984,6.104061126708984,6.365686893463135,5.751078128814697,5.751078128814697,74909369.0
2021-07-03,7.697350025177002,7.697350025177002,7.960175037384033,5.785965919494629,6.075084209442139,111518587.0
2021-07-04,8.795354843139648,8.795354843139648,9.836606979370115,7.619120121002197,7.729548931121826,232395624.0
2021-07-05,8.071505546569824,8.071505546569824,8.886940956115723,7.76777982711792,8.765998840332031,99299122.0
2021-07-06,10.95261287689209,10.95261287689209,11.814254760742188,8.03370189666748,8.036043167114258,829477102.0
2021-07-07,13.525050163269045,13.525050163269045,16.611011505126953,10.475509643554688,10.903160095214844,1685573468.0
2021-07-08,12.109070777893066,12.109070777893066,15.704625129699709,11.580656051635742,13.585149765014648,983503493.0
2021-07-09,16.485883712768555,16.485883712768555,16.64582061767578,11.287155151367188,12.07850742340088,1454877408.0
2021-07-10,17.65025520324707,17.65025520324707,19.521703720092773,16.47925567626953,16.55428123474121,1599472215.0
2021-07-11,18.95771026611328,18.95771026611328,19.112777709960938,16.079252243041992,17.71393585205078,951069661.0
2021-07-12,17.541820526123047,17.541820526123047,18.94436454772949,16.88240623474121,18.94436454772949,553438361.0
2021-07-13,20.844541549682617,20.844541549682617,22.474103927612305,17.504709243774414,17.504709243774414,1710233004.0
2021-07-14,23.32064247131348,23.32064247131348,24.307239532470703,19.63380241394043,20.829029083251957,1643663843.0
2021-07-15,23.95917510986328,23.95917510986328,29.13060569763184,22.74478912353516,23.35040664672852,2068552611.0
2021-07-16,20.90723419189453,20.90723419189453,27.3602294921875,20.520339965820312,24.04157447814941,1628682299.0
2021-07-17,18.46113395690918,18.46113395690918,21.04778289794922,17.488985061645508,21.015548706054688,1107834770.0
2021-07-18,18.88882827758789,18.88882827758789,20.874324798583984,17.526334762573242,18.51714324951172,955294028.0
2021-07-19,16.863346099853516,16.863346099853516,18.789060592651367,15.659021377563477,18.715181350708008,717570226.0
2021-07-20,15.04670238494873,15.04670238494873,17.11992645263672,14.18873405456543,17.11992645263672,585663471.0
2021-07-21,22.213211059570312,22.213211059570312,22.59723854064941,14.77783203125,15.022539138793944,1825323880.0
2021-07-22,24.83985137939453,24.83985137939453,25.94267463684082,22.15966796875,22.356143951416016,2351374876.0
2021-07-23,42.1939582824707,42.1939582824707,48.162071228027344,24.321685791015625,24.812318801879883,6680961800.0
2021-07-24,42.19585037231445,42.19585037231445,49.58422470092773,38.50651550292969,42.310054779052734,5759135940.0
2021-07-25,43.4619140625,43.4619140625,43.974857330322266,37.93445587158203,42.07713317871094,2622075603.0
2021-07-26,40.818389892578125,40.818389892578125,44.98956680297852,35.06802749633789,43.89580154418945,2603161538.0
2021-07-27,46.9561882019043,46.9561882019043,53.276493072509766,36.36857986450195,40.97363662719727,5669417764.0
2021-07-28,45.68716049194336,45.68716049194336,50.38877868652344,44.469970703125,47.06333160400391,2433886005.0
2021-07-29,44.219722747802734,44.219722747802734,46.70843124389648,41.77155303955078,45.64712524414063,1691231740.0
2021-07-30,43.33262634277344,43.33262634277344,45.29476547241211,41.28554153442383,44.22841262817383,1431343555.0
2021-07-31,42.6602897644043,42.6602897644043,45.72039031982422,41.9069938659668,43.29958724975586,1134923899.0
2021-08-01,37.94868469238281,37.94868469238281,42.817684173583984,37.41317367553711,42.55679321289063,740205694.0
2021-08-02,40.20737838745117,40.20737838745117,42.74782943725586,37.77327728271485,37.77327728271485,1166663328.0
2021-08-03,38.25188446044922,38.25188446044922,40.2090072631836,37.6780891418457,40.2086067199707,477532915.0
2021-08-04,43.82766342163086,43.82766342163086,45.88861846923828,37.84820175170898,38.48765182495117,1643339528.0
2021-08-05,42.62772750854492,42.62772750854492,44.88410186767578,41.08849334716797,43.7802963256836,774568010.0
2021-08-06,42.5443229675293,42.5443229675293,44.00566101074219,41.48833465576172,42.58848571777344,607828557.0
2021-08-07,41.30823516845703,41.30823516845703,43.60200881958008,40.28581619262695,42.651466369628906,559045931.0
2021-08-08,42.14281845092773,42.14281845092773,47.40675354003906,40.13520431518555,41.34452438354492,1175908690.0
2021-08-09,43.711822509765625,43.711822509765625,45.1015739440918,40.71809005737305,42.26912307739258,708072688.0
2021-08-10,64.04629516601562,64.04629516601562,64.25373840332031,43.31633758544922,43.51960372924805,4253075410.0
2021-08-11,66.25914764404297,66.25914764404297,76.9574203491211,63.59969711303711,63.94995880126953,4577489858.0
2021-08-12,66.03748321533203,66.03748321533203,73.76660919189453,63.551368713378906,66.34426879882812,3280623731.0
2021-08-13,70.51582336425781,70.51582336425781,73.70040130615234,65.95388793945312,66.1240005493164,1697280264.0
2021-08-14,67.77728271484375,67.77728271484375,70.72651672363281,65.23528289794922,70.50550079345703,1009473445.0
2021-08-15,67.60031127929688,67.60031127929688,67.88521575927734,63.76507568359375,67.75888061523438,642414124.0
2021-08-16,66.59319305419922,66.59319305419922,70.6859359741211,66.01348876953125,67.91609954833984,814431756.0
2021-08-17,71.74615478515625,71.74615478515625,81.94959259033203,65.25090026855469,66.37983703613281,3080115915.0
2021-08-18,69.10615539550781,69.10615539550781,74.49185943603516,66.15071868896484,71.84123992919922,1577246861.0
2021-08-19,72.1090087890625,72.1090087890625,72.93478393554688,67.29963684082031,69.36125183105469,827019379.0
2021-08-20,73.74626159667969,73.74626159667969,74.26499938964844,71.531494140625,71.72423553466797,719445064.0
2021-08-21,76.80278778076172,76.80278778076172,83.262939453125,73.7179183959961,73.7179183959961,1864700361.0
2021-08-22,77.16268157958984,77.16268157958984,79.57398223876953,73.86177062988281,76.83592987060547,701977048.0
2021-08-23,77.3932876586914,77.3932876586914,78.5810546875,75.3159408569336,77.20524597167969,583152522.0
2021-08-24,69.8720703125,69.8720703125,77.52973175048828,67.4280776977539,77.40353393554688,736142534.0
2021-08-25,72.52127838134766,72.52127838134766,74.99136352539062,68.6717300415039,69.99922943115234,1015019314.0
2021-08-26,69.70157623291016,69.70157623291016,73.84783935546875,67.56159973144531,72.55264282226562,599788629.0
2021-08-27,73.35694885253906,73.35694885253906,73.42778778076172,68.17945861816406,69.71411895751953,584630125.0
2021-08-28,74.77200317382812,74.77200317382812,79.60470581054688,72.49683380126953,73.68887329101562,893009859.0
2021-08-29,78.29005432128906,78.29005432128906,78.99327087402344,71.41385650634766,74.86283874511719,737469817.0
2021-08-30,72.76034545898438,72.76034545898438,78.38786315917969,72.59757232666016,78.38786315917969,529364995.0
2021-08-31,72.19998931884766,72.19998931884766,75.60518646240234,71.39585876464844,72.90653228759766,492482296.0
2021-09-01,74.05318450927734,74.05318450927734,74.58975219726562,69.76699829101562,72.21501922607422,455957887.0
2021-09-02,72.80734252929688,72.80734252929688,74.63232421875,71.83543395996094,73.9937744140625,360368483.0
2021-09-03,73.91614532470703,73.91614532470703,76.44368743896484,71.5787353515625,72.7682876586914,532663686.0
2021-09-04,82.21004486083984,82.21004486083984,94.62115478515624,72.43549346923828,73.9864273071289,2644122225.0
2021-09-05,82.30738067626953,82.30738067626953,88.49444580078125,79.8971176147461,82.47108459472656,1280554241.0
2021-09-06,79.06633758544922,79.06633758544922,85.06389617919922,75.61082458496094,82.25358581542969,687177667.0
2021-09-07,64.0533447265625,64.0533447265625,80.33570861816406,56.93930816650391,79.05876922607422,1050604364.0
2021-09-08,68.0704345703125,68.0704345703125,70.58367156982422,60.3809928894043,64.20970153808594,1042556004.0
2021-09-09,69.13379669189453,69.13379669189453,72.2283935546875,67.27434539794922,68.16668701171875,510780693.0
2021-09-10,65.49015045166016,65.49015045166016,71.21421813964844,63.04819869995117,69.105224609375,376329550.0
2021-09-11,68.97509765625,68.97509765625,72.00839233398438,65.05477905273438,65.42684936523438,383654217.0
2021-09-12,70.04041290283203,70.04041290283203,70.66889953613281,66.26225280761719,69.02622985839844,310685790.0
2021-09-13,64.98819732666016,64.98819732666016,71.43705749511719,61.747215270996094,69.92828369140625,370996769.0
2021-09-14,66.72708892822266,66.72708892822266,67.44058990478516,64.22230529785156,64.97026062011719,285946926.0
2021-09-15,68.77124786376953,68.77124786376953,69.75865936279297,65.56110382080078,66.72337341308594,248274432.0
2021-09-16,67.33665466308594,67.33665466308594,70.91163635253906,65.75003051757812,68.68408966064453,315529316.0
2021-09-17,65.68364715576172,65.68364715576172,68.05474853515625,64.53372955322266,67.27544403076172,238198344.0
2021-09-18,66.18728637695312,66.18728637695312,67.68824005126953,64.7612533569336,65.76390075683594,188512814.0
2021-09-19,63.755001068115234,63.755001068115234,66.3875961303711,63.12044143676758,66.06797790527344,176265980.0
2021-09-20,54.625144958496094,54.625144958496094,63.84650039672852,52.44382095336914,63.742950439453125,400733301.0
2021-09-21,50.553592681884766,50.553592681884766,56.87778091430664,48.249977111816406,55.02995681762695,322876910.0
2021-09-22,61.75218200683594,61.75218200683594,63.84092330932617,49.454227447509766,50.6027717590332,975386418.0
2021-09-23,67.35392761230469,67.35392761230469,69.16578674316406,61.21749496459961,61.65449523925781,775329875.0
2021-09-24,68.36767578125,68.36767578125,70.91864013671875,64.1541748046875,67.39105224609375,881488296.0
2021-09-25,65.39187622070312,65.39187622070312,68.93002319335938,64.69397735595703,68.2916030883789,257680231.0
2021-09-26,63.79537963867188,63.79537963867188,65.5075454711914,58.36677932739258,65.41191101074219,297203283.0
2021-09-27,63.93357467651367,63.93357467651367,67.07823944091797,62.85755920410156,63.86075973510742,281306427.0
2021-09-28,68.94920349121094,68.94920349121094,72.4609603881836,63.11312103271485,63.9141845703125,609031720.0
2021-09-29,69.50537109375,69.50537109375,75.05975341796875,68.01471710205078,69.25311279296875,700067305.0
2021-09-30,74.51168060302734,74.51168060302734,78.85699462890625,68.8747787475586,69.3744125366211,805131747.0
2021-10-01,110.53909301757812,110.53909301757812,117.02678680419922,74.24960327148438,74.61109161376953,3272757444.0
2021-10-02,107.94173431396484,107.94173431396484,119.92144775390624,106.40061950683594,110.4108428955078,2587817806.0
2021-10-03,138.31814575195312,138.31814575195312,138.31814575195312,103.9908218383789,107.9634246826172,2673087029.0
2021-10-04,133.9513702392578,133.9513702392578,155.08448791503906,131.9569091796875,137.37261962890625,3964782527.0
2021-10-05,128.9872589111328,128.9872589111328,145.70201110839844,127.53168487548828,134.7230682373047,2090557471.0
2021-10-06,126.21660614013672,126.21660614013672,140.4199676513672,120.28532409667967,128.7117462158203,2589126719.0
2021-10-07,124.50933074951172,124.50933074951172,130.80677795410156,120.91536712646484,126.30990600585938,1174395063.0
2021-10-08,126.3672866821289,126.3672866821289,138.5144805908203,120.36035919189452,124.3741455078125,1325554236.0
2021-10-09,126.5457992553711,126.5457992553711,132.31857299804688,123.98516082763672,126.1799087524414,667486137.0
2021-10-10,116.32270050048828,116.32270050048828,126.56603240966795,115.70233154296876,126.56603240966795,467384771.0
2021-10-11,117.01702117919922,117.01702117919922,121.88562774658205,112.52082824707033,116.42718505859376,581610297.0
2021-10-12,122.06558227539062,122.06558227539062,125.89981842041016,114.06570434570312,116.65440368652344,1094381151.0
2021-10-13,121.76675415039062,121.76675415039062,124.73741149902344,118.01869201660156,122.1431655883789,486930365.0
2021-10-14,136.2120819091797,136.2120819091797,143.3204803466797,120.58031463623048,121.67748260498048,1488398669.0
2021-10-15,125.78787231445312,125.78787231445312,145.04776000976562,124.94949340820312,136.42025756835938,1477113651.0
2021-10-16,125.2733917236328,125.2733917236328,129.93028259277344,122.83903503417967,125.65167236328124,471065745.0
2021-10-17,124.653564453125,124.653564453125,129.50486755371094,121.7826919555664,125.14694213867188,389199510.0
2021-10-18,122.48188018798828,122.48188018798828,125.34908294677734,119.28822326660156,124.64338684082033,392238229.0
2021-10-19,122.166015625,122.166015625,123.58192443847656,120.21552276611328,122.4900360107422,242258839.0
2021-10-20,127.3362274169922,127.3362274169922,129.766357421875,120.78184509277344,122.13680267333984,401928978.0
2021-10-21,119.82247924804688,119.82247924804688,133.9687042236328,116.5390625,127.66863250732422,698855437.0
2021-10-22,130.0851593017578,130.0851593017578,133.15518188476562,117.98099517822266,119.8481903076172,846653873.0
2021-10-23,125.92134857177734,125.92134857177734,133.20655822753906,123.62641143798828,130.27505493164062,477799314.0
2021-10-24,123.02403259277344,123.02403259277344,127.71192169189452,120.44763946533205,125.8104248046875,354140716.0
2021-10-25,131.85638427734375,131.85638427734375,141.25057983398438,122.28643035888672,122.90153503417967,1157814330.0
2021-10-26,128.99044799804688,128.99044799804688,137.9631805419922,127.37286376953124,131.79888916015625,693706833.0
2021-10-27,121.74868774414062,121.74868774414062,132.57192993164062,120.32089233398438,129.05776977539062,597601543.0
2021-10-28,126.52278137207033,126.52278137207033,129.45460510253906,121.61534881591795,121.61534881591795,461457686.0
2021-10-29,142.74948120117188,142.74948120117188,164.1488494873047,125.93999481201172,126.64601135253906,2875226153.0
2021-10-30,147.2863311767578,147.2863311767578,156.62278747558594,140.20252990722656,142.9872283935547,1702475808.0
2021-10-31,138.29217529296875,138.29217529296875,149.79371643066406,132.90676879882812,146.99920654296875,846906133.0
2021-11-01,137.0658721923828,137.0658721923828,139.0491485595703,131.82861328125,138.19821166992188,513865368.0
2021-11-02,140.35458374023438,140.35458374023438,143.69406127929688,135.63148498535156,136.99569702148438,668180094.0
2021-11-03,141.2921905517578,141.2921905517578,142.56057739257812,134.98768615722656,140.4642791748047,589625469.0
2021-11-04,145.1024169921875,145.1024169921875,163.75111389160156,141.61180114746094,141.61180114746094,1908953711.0
2021-11-05,151.9117431640625,151.9117431640625,154.41732788085938,142.1958770751953,145.18844604492188,1043566649.0
2021-11-06,157.74766540527344,157.74766540527344,165.36907958984375,148.7198486328125,151.88558959960938,1196857274.0
2021-11-07,160.35926818847656,160.35926818847656,164.13719177246094,154.21707153320312,157.5550537109375,729492241.0
2021-11-08,153.34677124023438,153.34677124023438,160.6205596923828,150.66168212890625,160.6205596923828,797576508.0
2021-11-09,150.1945343017578,150.1945343017578,154.67660522460938,147.54623413085938,153.44760131835938,543319601.0
2021-11-10,142.3145751953125,142.3145751953125,153.8006134033203,134.3625030517578,150.1379852294922,622918322.0
2021-11-11,146.70510864257812,146.70510864257812,148.9615936279297,139.5675506591797,142.29708862304688,407286504.0
2021-11-12,143.42526245117188,143.42526245117188,148.580322265625,138.82247924804688,146.4044952392578,553079413.0
2021-11-13,143.09368896484375,143.09368896484375,147.79022216796875,142.0586395263672,143.44137573242188,337294121.0
2021-11-14,142.35328674316406,142.35328674316406,146.12168884277344,139.9775390625,143.02622985839844,325408620.0
2021-11-15,141.9652557373047,141.9652557373047,146.48257446289062,141.37445068359375,142.38070678710938,355337019.0
2021-11-16,133.90573120117188,133.90573120117188,143.30010986328125,122.9790267944336,142.71652221679688,601216672.0
2021-11-17,135.2400360107422,135.2400360107422,139.25132751464844,132.09066772460938,133.63194274902344,591438716.0
2021-11-18,123.76132202148438,123.76132202148438,136.88624572753906,121.03057098388672,135.34645080566406,673264413.0
2021-11-19,131.74896240234375,131.74896240234375,133.07339477539062,122.39839935302734,123.6017608642578,470825595.0
2021-11-20,132.3675994873047,132.3675994873047,133.18536376953125,126.33192443847656,131.7372589111328,434063496.0
2021-11-21,130.52024841308594,130.52024841308594,141.38818359375,128.3097686767578,132.5181427001953,585821941.0
2021-11-22,128.1600799560547,128.1600799560547,132.85377502441406,126.2847671508789,130.38186645507812,430744458.0
2021-11-23,136.47792053222656,136.47792053222656,138.93077087402344,126.8740234375,128.2007293701172,536344111.0
2021-11-24,134.32028198242188,134.32028198242188,144.917724609375,132.80018615722656,136.44454956054688,543122809.0
2021-11-25,138.95123291015625,138.95123291015625,144.36012268066406,137.51588439941406,140.2743377685547,909900348.0
2021-11-26,125.0320053100586,125.0320053100586,140.43673706054688,123.21814727783205,138.84608459472656,570632598.0
2021-11-27,127.96142578125,127.96142578125,129.77777099609375,124.64025115966795,125.57613372802734,277264485.0
2021-11-28,133.007568359375,133.007568359375,134.69029235839844,123.53892517089844,127.85871887207033,419134418.0
2021-11-29,134.66481018066406,134.66481018066406,137.51849365234375,132.75343322753906,133.1003875732422,387340052.0
2021-11-30,137.14891052246094,137.14891052246094,139.31979370117188,131.9666748046875,134.58206176757812,433877145.0
2021-12-01,135.09840393066406,135.09840393066406,143.26112365722656,133.6200408935547,136.94749450683594,475839443.0
2021-12-02,135.08248901367188,135.08248901367188,136.06390380859375,131.7462158203125,135.07911682128906,322574791.0
2021-12-03,127.5929946899414,127.5929946899414,141.8815460205078,125.99662017822266,134.9351043701172,717352128.0
2021-12-04,118.01679229736328,118.01679229736328,128.17298889160156,98.7771453857422,127.74964141845705,869850947.0
2021-12-05,107.3669662475586,107.3669662475586,121.12725830078124,104.86443328857422,117.97120666503906,475761320.0
2021-12-06,106.1364288330078,106.1364288330078,107.61700439453124,95.63687896728516,107.5595932006836,590410474.0
2021-12-07,105.91104888916016,105.91104888916016,110.01206970214844,104.71124267578124,106.0840835571289,356939214.0
2021-12-08,113.2786865234375,113.2786865234375,121.23245239257812,105.17849731445312,105.75597381591795,828863680.0
2021-12-09,103.84063720703124,103.84063720703124,115.139892578125,102.90587615966795,113.09194946289062,505803087.0
2021-12-10,97.66487884521484,97.66487884521484,106.6746063232422,97.55377197265624,103.83130645751952,303198059.0
2021-12-11,103.0425033569336,103.0425033569336,103.84809112548828,95.76041412353516,97.60716247558594,237252979.0
2021-12-12,104.25794219970705,104.25794219970705,105.69448852539062,100.8002471923828,102.99974822998048,184339038.0
2021-12-13,92.92371368408205,92.92371368408205,104.84228515625,91.08692169189452,104.26904296875,310260281.0
2021-12-14,96.02037811279295,96.02037811279295,96.8551254272461,92.22905731201172,92.90654754638672,334071930.0
2021-12-15,101.5572509765625,101.5572509765625,103.02116394042967,92.09504699707033,96.17991638183594,313885833.0
2021-12-16,98.02828979492188,98.02828979492188,103.60711669921876,97.27698516845705,101.53644561767578,217523033.0
2021-12-17,94.590087890625,94.590087890625,99.1930923461914,91.69803619384766,98.00556182861328,268813291.0
2021-12-18,96.15470886230467,96.15470886230467,97.31048583984376,92.83960723876952,94.63352966308594,204124781.0
2021-12-19,95.30096435546876,95.30096435546876,98.4030532836914,94.6486358642578,96.1728286743164,194757717.0
2021-12-20,92.5722427368164,92.5722427368164,96.07785034179688,89.62992095947266,95.2580108642578,250067717.0
2021-12-21,97.23707580566406,97.23707580566406,97.85680389404295,92.2558135986328,92.60546112060548,306595236.0
2021-12-22,101.53997039794922,101.53997039794922,103.97771453857422,96.41210174560548,97.26009368896484,365436579.0
2021-12-23,107.17123413085938,107.17123413085938,107.90934753417967,99.87335205078124,101.5813217163086,300681734.0
2021-12-24,104.59253692626952,104.59253692626952,109.7256088256836,103.9425048828125,107.3361358642578,317136078.0
2021-12-25,109.1409683227539,109.1409683227539,110.37429809570312,103.9897918701172,104.66688537597656,322235914.0
2021-12-26,107.56761932373048,107.56761932373048,109.2588119506836,105.64398193359376,109.1189193725586,237282009.0
2021-12-27,107.0030746459961,107.0030746459961,111.6013412475586,106.37503051757812,107.54369354248048,292953375.0
2021-12-28,99.9681167602539,99.9681167602539,107.45499420166016,99.10962677001952,107.10448455810548,319365641.0
2021-12-29,93.69080352783205,93.69080352783205,100.79488372802734,93.0957260131836,99.91432189941406,245140672.0
2021-12-30,95.10022735595705,95.10022735595705,96.60230255126952,92.06391143798828,93.78858184814452,181392028.0
2021-12-31,93.29644775390624,93.29644775390624,97.81903076171876,91.35558319091795,95.08739471435548,193157441.0
2022-01-01,94.0424575805664,94.0424575805664,95.08538055419922,91.7993392944336,93.30362701416016,199277571.0
2022-01-02,96.51107025146484,96.51107025146484,96.58975982666016,93.33781433105467,94.0383529663086,169025982.0
2022-01-03,94.32369995117188,94.32369995117188,97.77716827392578,92.448974609375,96.50975036621094,218054397.0
2022-01-04,93.00198364257812,93.00198364257812,96.67176055908205,92.86051177978516,94.32992553710938,215310519.0
2022-01-05,80.35073852539062,80.35073852539062,94.87115478515624,77.17961883544922,92.98453521728516,461511075.0
2022-01-06,78.97000122070312,78.97000122070312,80.75297546386719,75.8238525390625,80.35994720458984,397680711.0
2022-01-07,73.4457778930664,73.4457778930664,79.04898071289062,70.71378326416016,78.9681167602539,377707329.0
2022-01-08,70.57850646972656,70.57850646972656,75.61750793457031,68.01478576660156,73.45635223388672,267713639.0
2022-01-09,72.05274963378906,72.05274963378906,74.02709197998047,69.43740844726562,70.56063079833984,215172287.0
2022-01-10,68.4433822631836,68.4433822631836,73.0851058959961,65.52294921875,72.05310821533203,243936453.0
2022-01-11,72.54862213134766,72.54862213134766,73.30744171142578,67.69981384277344,68.4384765625,248471042.0
2022-01-12,78.1528549194336,78.1528549194336,79.2740478515625,72.3138656616211,72.58332824707031,272840097.0
2022-01-13,73.07545471191406,73.07545471191406,78.62616729736328,73.07545471191406,78.15142822265625,224128494.0
2022-01-14,73.66685485839844,73.66685485839844,75.60909271240234,71.27574920654297,73.07566833496094,210398594.0
2022-01-15,75.71248626708984,75.71248626708984,76.13426971435547,73.21903228759766,73.66712951660156,149427425.0
2022-01-16,80.27992248535156,80.27992248535156,82.42546844482422,74.74093627929688,75.63240051269531,527346898.0
2022-01-17,76.61809539794922,76.61809539794922,83.02925109863281,75.3373031616211,80.27879333496094,472396801.0
2022-01-18,73.89629364013672,73.89629364013672,77.23892974853516,72.3578109741211,76.61593627929688,270687216.0
2022-01-19,71.90287780761719,71.90287780761719,74.048095703125,70.76116943359375,73.89089965820312,210270540.0
2022-01-20,69.04363250732422,69.04363250732422,75.72705841064453,69.04022979736328,71.89066314697266,166330634.0
2022-01-21,58.09711837768555,58.09711837768555,69.16537475585938,57.47972869873047,69.06824493408203,344260843.0
2022-01-22,49.995704650878906,49.995704650878906,59.2513427734375,47.96181869506836,58.12892150878906,424829822.0
2022-01-23,54.12954711914063,54.12954711914063,54.12954711914063,49.857452392578125,50.0262565612793,250402045.0
2022-01-24,51.1688346862793,51.1688346862793,54.54608154296875,44.60628128051758,54.20060348510742,379107125.0
2022-01-25,50.79086685180664,50.79086685180664,51.85205459594727,49.57671356201172,51.17906188964844,240367247.0
2022-01-26,49.69636917114258,49.69636917114258,55.4656867980957,48.64260482788086,50.78841400146485,303072789.0
2022-01-27,47.26136779785156,47.26136779785156,50.40540313720703,45.069366455078125,49.67832946777344,329531965.0
2022-01-28,46.99042892456055,46.99042892456055,48.26865768432617,44.89904022216797,47.255615234375,373547494.0
2022-01-29,49.57466506958008,49.57466506958008,49.93159484863281,46.40379333496094,46.97936248779297,501554098.0
2022-01-30,53.35597229003906,53.35597229003906,55.97351837158203,49.318092346191406,49.57758331298828,664847018.0
2022-01-31,52.27793884277344,52.27793884277344,54.40104675292969,49.86296844482422,53.36081314086914,527695069.0
2022-02-01,53.484989166259766,53.484989166259766,54.5936164855957,52.0567512512207,52.28823471069336,376505330.0
2022-02-02,49.08293533325195,49.08293533325195,53.7863883972168,48.74333953857422,53.47689056396485,367273848.0
2022-02-03,48.08704376220703,48.08704376220703,49.17155838012695,46.29400634765625,49.079681396484375,374189552.0
2022-02-04,51.230079650878906,51.230079650878906,51.52912902832031,47.68573760986328,48.09223937988281,372212634.0
2022-02-05,56.89242935180664,56.89242935180664,59.22217559814453,50.93268966674805,51.24769973754883,784099800.0
2022-02-06,68.42108154296875,68.42108154296875,68.49889373779297,56.86189270019531,56.90472030639648,1417792404.0
2022-02-07,68.33972930908203,68.33972930908203,71.7039566040039,67.04705810546875,68.37345886230469,1017470344.0
2022-02-08,66.85130310058594,66.85130310058594,69.10670471191406,62.55619812011719,68.32821655273438,677851385.0
2022-02-09,67.55036163330078,67.55036163330078,67.94953155517578,63.29549026489258,66.821533203125,467442517.0
2022-02-10,63.47045516967773,63.47045516967773,68.0758056640625,62.84804916381836,67.5513916015625,641800762.0
2022-02-11,58.65187454223633,58.65187454223633,64.80611419677734,56.87092971801758,63.45660781860352,481168890.0
2022-02-12,59.12099456787109,59.12099456787109,61.451271057128906,56.91637420654297,58.55815505981445,380317843.0
2022-02-13,58.45215606689453,58.45215606689453,60.47568130493164,57.07719421386719,59.115840911865234,238433257.0
2022-02-14,56.87259292602539,56.87259292602539,58.37699508666992,55.209747314453125,58.37699508666992,261096596.0
2022-02-15,63.28984451293945,63.28984451293945,63.64067077636719,56.85757446289063,56.87392425537109,431044433.0
2022-02-16,63.579349517822266,63.579349517822266,65.92066192626953,62.033573150634766,63.29010772705078,561885129.0
2022-02-17,56.25543975830078,56.25543975830078,64.4572982788086,55.98107147216797,63.54802322387695,421342609.0
2022-02-18,55.68888473510742,55.68888473510742,57.97929763793945,53.95171356201172,56.29168701171875,393305907.0
2022-02-19,54.88175582885742,54.88175582885742,56.80976867675781,53.64227294921875,55.67354965209961,220391304.0
2022-02-20,52.33696365356445,52.33696365356445,54.89256286621094,49.85898971557617,54.8747673034668,300682184.0
2022-02-21,47.403785705566406,47.403785705566406,55.84598922729492,47.38129425048828,52.28747177124024,506052476.0
2022-02-22,50.994571685791016,50.994571685791016,51.16992950439453,46.17338943481445,47.3818473815918,425288351.0
2022-02-23,48.87356185913086,48.87356185913086,53.16383361816406,48.85645294189453,50.99885559082031,329421599.0
2022-02-24,48.76431655883789,48.76431655883789,49.76475143432617,42.11249542236328,48.84233856201172,643819885.0
2022-02-25,51.080265045166016,51.080265045166016,51.90176010131836,46.38177490234375,48.76633834838867,489017084.0
2022-02-26,50.32856750488281,50.32856750488281,52.69404220581055,50.08385467529297,51.08148956298828,271204378.0
2022-02-27,48.04264831542969,48.04264831542969,51.81332778930664,47.05723190307617,50.32545471191406,336305952.0
2022-02-28,54.410911560058594,54.410911560058594,56.41153717041016,47.28657913208008,48.02584457397461,472412510.0
2022-03-01,57.11466217041016,57.11466217041016,60.960975646972656,53.62038803100586,54.40999221801758,739395878.0
2022-03-02,55.534698486328125,55.534698486328125,58.49087905883789,54.58823013305664,57.1108627319336,545942151.0
2022-03-03,53.27940368652344,53.27940368652344,55.73553466796875,52.02009963989258,55.539737701416016,307988593.0
2022-03-04,49.68419647216797,49.68419647216797,53.29885482788086,49.12885665893555,53.2881965637207,319198746.0
2022-03-05,51.9065055847168,51.9065055847168,52.68068313598633,48.99839782714844,49.70333862304688,250443152.0
2022-03-06,48.85906600952149,48.85906600952149,52.27364349365234,48.7801399230957,51.90755844116211,220699895.0
2022-03-07,46.28903198242188,46.28903198242188,50.08456802368164,45.90996170043945,48.86334609985352,355068030.0
2022-03-08,46.34443664550781,46.34443664550781,47.55593490600586,46.021583557128906,46.290077209472656,279907426.0
2022-03-09,48.64786911010742,48.64786911010742,49.35942459106445,46.361324310302734,46.361324310302734,326897443.0
2022-03-10,46.823036193847656,46.823036193847656,48.868919372558594,45.319461822509766,48.648040771484375,294899183.0
2022-03-11,45.92707824707031,45.92707824707031,48.08269500732422,45.33785629272461,46.819602966308594,245883762.0
2022-03-12,46.66354751586914,46.66354751586914,48.45109176635742,45.92898178100586,45.92898178100586,193652332.0
2022-03-13,45.31898498535156,45.31898498535156,47.95106887817383,45.04928588867188,46.64440155029297,163410434.0
2022-03-14,47.84383392333984,47.84383392333984,47.95775985717773,44.874847412109375,45.310245513916016,256270265.0
2022-03-15,46.96017074584961,46.96017074584961,48.48919296264648,45.94825744628906,47.84280014038086,210700638.0
2022-03-16,50.45069885253906,50.45069885253906,50.64258575439453,46.41793823242188,46.95278549194336,367646561.0
2022-03-17,50.32140350341797,50.32140350341797,51.15370941162109,49.52360916137695,50.45304489135742,251276379.0
2022-03-18,50.5063591003418,50.5063591003418,51.33660888671875,48.61172103881836,50.30781555175781,236966239.0
2022-03-19,52.07441329956055,52.07441329956055,54.25672912597656,50.28480529785156,50.50186538696289,308944079.0
2022-03-20,49.746543884277344,49.746543884277344,52.38618850708008,49.27819061279297,52.073036193847656,241718626.0
2022-03-21,50.302127838134766,50.302127838134766,51.876930236816406,49.29280090332031,49.74809265136719,303388597.0
2022-03-22,52.3872184753418,52.3872184753418,53.30897903442383,49.87952423095703,50.29844284057617,362233951.0
2022-03-23,58.11574935913086,58.11574935913086,58.42817306518555,51.02592086791992,52.3917121887207,553267912.0
2022-03-24,70.30863952636719,70.30863952636719,71.18287658691406,58.13209915161133,58.13209915161133,1768046219.0
2022-03-25,71.65794372558594,71.65794372558594,74.37031555175781,69.70234680175781,70.27848815917969,1289572846.0
2022-03-26,66.88520812988281,66.88520812988281,72.47917938232422,66.62944030761719,71.6631851196289,599093072.0
2022-03-27,68.31414031982422,68.31414031982422,68.41976165771484,64.81842041015625,66.89054870605469,623353960.0
2022-03-28,66.32603454589844,66.32603454589844,72.07108306884766,66.1030044555664,68.31576538085938,762804503.0
2022-03-29,64.2308578491211,64.2308578491211,70.49693298339844,63.44055938720703,66.28948974609375,931970230.0
2022-03-30,64.22624969482422,64.22624969482422,66.3778305053711,62.3042106628418,64.25748443603516,692074434.0
2022-03-31,63.446510314941406,63.446510314941406,68.45944213867188,62.193992614746094,64.24011993408203,588704668.0
2022-04-01,66.25862884521484,66.25862884521484,66.9242935180664,60.56739044189453,63.45345306396485,502594848.0
2022-04-02,65.22318267822266,65.22318267822266,74.8732681274414,65.08041381835938,66.24630737304688,1271842224.0
2022-04-03,66.46807861328125,66.46807861328125,68.32769775390625,64.5723876953125,65.20658874511719,625491814.0
2022-04-04,63.84390258789063,63.84390258789063,66.8922119140625,61.76359176635742,66.47464752197266,484513613.0
2022-04-05,61.6590576171875,61.6590576171875,65.19322204589844,61.554954528808594,63.84514999389648,440453290.0
2022-04-06,53.34918975830078,53.34918975830078,62.55390167236328,53.32075119018555,61.658199310302734,683932477.0
2022-04-07,54.82851028442383,54.82851028442383,55.75566482543945,52.44416046142578,53.36208724975586,417826961.0
2022-04-08,50.66050720214844,50.66050720214844,55.22397232055664,50.23588943481445,54.84615707397461,350108836.0
2022-04-09,51.764427185058594,51.764427185058594,52.54915237426758,50.66450500488281,50.66450500488281,240316046.0
2022-04-10,49.18181610107422,49.18181610107422,52.05941390991211,49.18181610107422,51.76487350463867,273951316.0
2022-04-11,45.04726409912109,45.04726409912109,49.1584587097168,44.345062255859375,49.1584587097168,386714170.0
2022-04-12,47.34689712524414,47.34689712524414,48.67913436889648,45.072174072265625,45.072174072265625,363968504.0
2022-04-13,48.4436149597168,48.4436149597168,48.67830657958984,46.82942199707031,47.32866668701172,274181503.0
2022-04-14,46.77119445800781,46.77119445800781,49.43225860595703,45.84297943115234,48.434608459472656,277226756.0
2022-04-15,47.938419342041016,47.938419342041016,49.761985778808594,46.77588653564453,46.77588653564453,275525199.0
2022-04-16,47.50138473510742,47.50138473510742,48.50215530395508,46.845497131347656,47.92795944213867,179010470.0
2022-04-17,45.54127883911133,45.54127883911133,47.8550033569336,45.340370178222656,47.49789810180664,183898099.0
2022-04-18,46.2128791809082,46.2128791809082,46.26496505737305,43.19194412231445,45.54987716674805,281812524.0
2022-04-19,47.4414176940918,47.4414176940918,47.88731002807617,45.53314208984375,46.21567153930664,283816830.0
2022-04-20,46.14799499511719,46.14799499511719,48.3661003112793,45.44998550415039,47.43838119506836,316981608.0
2022-04-21,45.097389221191406,45.097389221191406,47.90817260742188,44.6209831237793,46.14686584472656,315254265.0
2022-04-22,45.96334838867188,45.96334838867188,46.514892578125,44.89884567260742,45.08447647094727,293223333.0
2022-04-23,45.180782318115234,45.180782318115234,46.07227325439453,45.05413436889648,45.95549774169922,185825882.0
2022-04-24,44.36954116821289,44.36954116821289,45.52081680297852,44.33260345458984,45.17192459106445,171259555.0
2022-04-25,42.97321319580078,42.97321319580078,44.42818069458008,40.35097885131836,44.373046875,342114485.0
